"playerId","playername","position","team","vor","points","actualPoints","overallRank","positionRank","dropoff","upper","lower","risk","sleeper"
925,"Jamaal Charles","RB","KC",223.5628,416.8806,"473.8",1,1,"16.6547",440.4438,380.0158,"4.0225","null"
2507164,"Adrian Peterson","RB","MIN",221.3791,414.6969,"282.2",2,2,"39.4292",439.9524,387.1761,"3.6323","null"
2495647,"Calvin Johnson","WR","DET",193.6317,415.9805,"376.8",3,1,"49.5803",426.7611,389.936,"2.4362","null"
497204,"C.J. Spiller","RB","BUF",192.4372,385.755,"198.15",4,3,"23.9342",393.1333,369.0034,"5.2781","null"
2532899,"Doug Martin","RB","TB",171.4627,364.7805,"69.45",5,4,"7.567",378.1729,335.6926,"3.3605","null"
79555,"Arian Foster","RB","HOU",165.5433,358.8611,"133.3",6,5,"14.5593",416.4924,303.1896,"11.9471","null"
941,"Ray Rice","RB","BAL",162.2481,355.5659,"161.65",7,6,"25.8174",364.9373,346.7563,"5.5225","null"
2495893,"Brandon Marshall","WR","CHI",145.3428,367.6916,"365.85",8,2,"4.2445",374.5247,353.0063,"4.6817","null"
497278,"Dez Bryant","WR","DAL",142.7601,365.1089,"352.95",9,3,"13.2496",371.4366,348.7922,"4.765","null"
2495663,"Marshawn Lynch","RB","SEA",139.72,333.0377,"315.75",10,7,"11.4439",349.0218,314.0061,"2.3208","null"
2495450,"A.J. Green","WR","CIN",139.4364,361.7852,"377.9",11,4,"19.989",369.9371,350.5681,"4.8287","null"
79607,"LeSean McCoy","RB","PHI",133.1414,326.4592,"442.45",12,8,"12.2615",345.1525,293.4052,"2.4732","null"
234,"Matt Forte","RB","CHI",123.4107,316.7285,"414.05",13,9,"5.6104",334.5463,281.66,"2.1877","null"
2506363,"Aaron Rodgers","QB","GB",119.6393,502.3276,"234.35",14,1,"29.1902",509.9127,483.4894,"4.1594","null"
2495454,"Julio Jones","WR","ATL",119.5846,341.9333,"137",15,5,"0.5855",351.3776,331.4676,"4.1832","null"
2505551,"Andre Johnson","WR","HOU",119.3102,341.659,"350.05",16,6,"5.7162",348.7282,328.0625,"5.1727","null"
2495448,"Randall Cobb","WR","GB",118.6879,341.0367,"121.6",17,7,"11.7779",353.6267,327.6265,"3.7024","null"
2533032,"Trent Richardson","RB","CLE",118.3492,311.667,"131.3",18,10,"6.9467",332.0623,285.9836,"2.4321","null"
2506874,"Reggie Bush","RB","DET",117.2515,310.5693,"294.45",19,11,"14.6025",335.0835,254.9882,"4.8697","null"
497236,"Jimmy Graham","TE","NO",113.1758,316.917,"364.25",20,1,"54.0777",325.2144,308.3663,"3.9432","null"
497328,"Demaryius Thomas","WR","DEN",108.5001,330.8489,"390.5",21,8,"4.3288",335.9536,321.8319,"5.8479","null"
2506467,"Darren Sproles","RB","NO",105.5535,298.8713,"208.85",22,12,"7.229",316.8671,275.4255,"2.5791","null"
2506366,"Roddy White","WR","ATL",105.3198,327.6686,"184.65",23,9,"10.3489",335.0944,307.3349,"4.0696","null"
2506106,"Larry Fitzgerald","WR","ARI",103.0228,325.3716,"282.1",24,10,"18.6517",337.0854,313.9598,"3.4689","null"
262,"Chris Johnson","RB","TEN",99.7446,293.0623,"261.6",25,13,"6.3868",304.6299,272.8483,"4.0245","null"
2504775,"Drew Brees","QB","NO",97.1336,479.8218,"474.55",26,2,"24.1493",496.0906,454.3794,"3.339","null"
2533457,"Alfred Morris","RB","WAS",96.9045,290.2222,"226.2",27,14,"12.306",300.5606,279.42,"4.9688","null"
2495207,"DeMarco Murray","RB","DAL",89.811,283.1287,"336.05",28,15,"11.0073",315.1856,230.9284,"7.2324","null"
2506400,"Vincent Jackson","WR","TB",86.9191,309.2679,"303.6",29,11,"7.9357",314.9347,303.2409,"6.2319","null"
2501863,"Peyton Manning","QB","DEN",83.7647,466.4529,"562.65",30,3,"27.4295",487.6542,429.9109,"2.5057","null"
2507855,"Victor Cruz","WR","NYG",81.823,304.1718,"243.7",31,12,"8.3388",315.3188,287.6747,"3.2176","null"
284,"Darren McFadden","RB","OAK",79.3861,272.7038,"88.4",32,16,"4.5792",291.1855,250.315,"2.3843","null"
2505936,"Steven Jackson","RB","ATL",78.2214,271.5391,"148.8",33,17,"9.093",285.3643,255.433,"4.0312","null"
2504747,"Reggie Wayne","WR","IND",76.1437,298.4925,"125.45",34,13,"8.4609",309.1934,281.1732,"2.7428","null"
2533035,"David Wilson","RB","NYG",71.3923,264.7101,"14",35,18,"8.2639",278.4773,252.4405,"4.0747","null"
2495821,"Marques Colston","WR","NO",70.8247,293.1735,"246.45",36,14,"7.1691",300.4569,285.3351,"5.5909","null"
2495831,"Maurice Jones-Drew","RB","JAC",66.8644,260.1822,"182.5",37,19,"8.517",273.7368,237.4554,"3.9718","null"
2649,"Danny Amendola","WR","NE",64.5409,286.8897,"161.6",38,15,"2.249",299.5747,252.3341,"3.5264","null"
497240,"Rob Gronkowski","TE","NE",62.8788,266.6199,"151.8",39,2,"8.6834",278.5828,243,"4.6069","null"
2495558,"Dwayne Bowe","WR","KC",62.7703,285.1191,"187.95",40,16,"1.3273",295.4203,261.1657,"2.9119","null"
2495455,"Cam Newton","QB","CAR",62.2039,444.8922,"352.4",41,4,"16.9271",461.3794,418.9484,"2.7462","null"
2505790,"Wes Welker","WR","DEN",61.8134,284.1622,"253.2",42,17,"1.983",301.7518,257.1332,"3.6749","null"
2346,"Pierre Garcon","WR","WAS",61.0726,283.4214,"341.9",43,18,"3.169",299.3639,251.3368,"3.7055","null"
2495470,"Stevan Ridley","RB","NE",59.3924,252.7101,"147.7",44,20,"4.6735",269.1297,225.5826,"2.4603","null"
2504595,"Steve Smith","WR","CAR",58.5882,280.9369,"199.75",45,19,"9.0762",293.232,270.233,"3.8178","null"
2533034,"Lamar Miller","RB","MIA",57.3025,250.6203,"140.45",46,21,"18.0469",272.5011,191.8987,"4.5947","null"
2508061,"Antonio Brown","WR","PIT",57.2192,279.568,"416.1",47,20,"16.2142",283.4731,268.273,"6.0429","null"
2505629,"Jason Witten","TE","DAL",55.3175,259.0586,"248.65",48,3,"19.3545",268.5973,246.7436,"2.8725","null"
2500835,"Tony Gonzalez","TE","ATL",53.0734,256.8146,"259.85",49,4,"40.8933",260.4846,251.35,"5.5025","null"
2506404,"Frank Gore","RB","SF",52.1352,245.453,"213.55",50,22,"26.2582",251.0146,231.7758,"5.7154","null"
2495186,"Colin Kaepernick","QB","SF",50.4664,433.1547,"324.15",51,5,"10.97",443.7635,412.9374,"3.846","null"
497284,"Eric Decker","WR","DEN",41.8047,264.1535,"343.3",52,21,"1.6572",269.6548,250.4237,"5.3213","null"
2495459,"Torrey Smith","WR","BAL",40.2052,262.554,"258.2",53,22,"0.7114",270.496,249.704,"4.9739","null"
1032,"Jordy Nelson","WR","GB",40.0899,262.4387,"330.1",54,23,"1.5482",272.2242,253.1079,"4.6602","null"
2504211,"Tom Brady","QB","NE",40.0872,422.7754,"261.7",55,6,"1.4612",454.647,367.1106,"4.1498","null"
310,"Matt Ryan","QB","ATL",38.9057,421.5939,"302.25",56,7,"15.3935",446.1533,384.7301,"2.6865","null"
2495341,"Cecil Shorts","WR","JAC",38.8977,261.2465,"200.55",57,24,"1.3086",267.5977,248.2241,"5.2335","null"
2533033,"Robert Griffin","QB","WAS",38.3463,421.0346,"248",58,8,"30.4344",457.8324,361.6243,"5.0717","null"
1581,"DeSean Jackson","WR","PHI",38.1857,260.5345,"339.85",59,25,"2.1177",276.3565,246.3398,"3.5482","null"
2507763,"Mike Wallace","WR","MIA",36.9925,259.3413,"242.5",60,26,"3.5773",269.4783,245.1366,"3.7074","null"
80672,"Hakeem Nicks","WR","NYG",35.1436,257.4923,"190.4",61,27,"5.0482",268.8302,235.4043,"3.2595","null"
768,"Steve Johnson","WR","BUF",31.6868,254.0356,"156.55",62,28,"6.6827",257.0821,250.368,"6.9873","null"
2539336,"Tavon Austin","WR","STL",28.5038,250.8526,"169.6",63,29,"8.0984",261.6187,234.4331,"3.504","null"
2540168,"Eddie Lacy","RB","GB",26.3759,219.6937,"276.95",64,23,"3.498",237.333,197.9923,"3.3836","null"
2495473,"Shane Vereen","RB","NE",25.3781,218.6958,"164.45",65,24,"5.4277",245.8694,168.2507,"4.8562","30"
2507183,"James Jones","WR","GB",21.5045,243.8533,"196.55",66,30,"6.1459",261.063,221.5085,"3.514","60"
2495560,"Ahmad Bradshaw","RB","IND",20.3777,213.6955,"50.35",67,25,"2.8843",243.1426,168.7575,"6.5205","15"
2539341,"Montee Ball","RB","DEN",19.523,212.8407,"134.45",68,26,"5.0367",242.8176,175.443,"7.4058","7"
2532865,"T.Y. Hilton","WR","IND",19.3063,241.655,"282.4",69,31,"8.6535",252.5686,232.9332,"3.9253","55"
2495826,"Vernon Davis","TE","SF",18.8526,222.5937,"254.5",70,5,"14.2039",230.842,206.3814,"2.7033","null"
497188,"Ryan Mathews","RB","SD",15.4638,208.7816,"256.1",71,27,"2.8318",226.5098,177.0597,"2.4163","56"
2507999,"Chris Ivory","RB","NYJ",13.5087,206.8265,"134.9",72,28,"9.9813",247.9511,164.9159,"7.264","8"
2540156,"Giovani Bernard","RB","CIN",11.7553,205.0731,"259.1",73,29,"17.633",235.2936,136.9068,"6.9599","10"
2506287,"Lance Moore","WR","NO",11.4109,233.7597,"117.55",74,32,"2.5222",240.8314,218.6494,"4.8073","42"
2505587,"Anquan Boldin","WR","SF",9.8945,232.2433,"303.85",75,33,"2.0953",239.147,226.3821,"5.5408","30"
2505354,"Tony Romo","QB","DAL",8.678,391.3663,"311.45",76,9,"6.5913",406.2852,368.2174,"3.2634","23"
2495867,"Greg Jennings","WR","MIN",7.883,230.2318,"212.6",77,34,"1.2144",239.5337,220.1333,"3.5295","59"
2495801,"Miles Austin","WR","DAL",7.7154,230.0642,"60.6",78,35,"5.9542",239.3909,220.2732,"4.8902","41"
2533031,"Andrew Luck","QB","IND",7.1459,389.8342,"342.8",79,10,"10.7189",444.9617,321.149,"8.033","7"
71217,"Kenny Britt","WR","TEN",5.6218,227.9706,"25.4",80,36,"8.4327",246.041,187.8291,"4.9412","40"
2495700,"Greg Olsen","TE","CAR",5.5077,209.2489,"231.4",81,6,"8.2616",213.4067,204.2444,"5.2663","12"
1072,"Jermichael Finley","TE","GB",3.7896,207.5307,"88",82,7,"14.2864",222.5242,187.0965,"4.2275","21"
2537931,"Josh Gordon","WR","CLE",-2.0993,220.2495,"387.9",83,37,"2.6748",232.3471,202.0428,"2.5154","84"
2532975,"Russell Wilson","QB","SEA",-2.9724,379.7158,"353.9",84,11,"27.2097",387.1368,365.8264,"4.6302","15"
497326,"Golden Tate","WR","SEA",-3.5225,218.8263,"260.8",85,38,"4.3056",225.0242,209.5754,"5.7252","29"
79860,"Matthew Stafford","QB","DET",-4.1735,378.5148,"306.7",86,12,"56.2704",394.6231,352.2447,"3.0057","26"
2534789,"Daryl Richardson","RB","STL",-4.7005,188.6173,"44.9",87,30,"3.8203",207.0979,152.7792,"2.2552","59"
497322,"Emmanuel Sanders","WR","PIT",-6.0257,216.3231,"227.4",88,39,"4.2229",221.2947,204.2097,"5.402","32"
2505674,"Willis McGahee","RB","CLE",-7.0549,186.2629,"29.6",89,31,"8.3017",198.8893,129.3,"8.0474","5"
71265,"Jared Cook","TE","STL",-9.2973,194.4438,"178.65",90,8,"2.4903",202.6727,181.651,"2.9361","37"
2533532,"Chris Givens","WR","FA",-9.6305,212.7183,"null",91,40,"1.4935",234.7293,158.8655,"7.908","11"
939,"Rashard Mendenhall","RB","ARI",-9.9867,183.3311,"120.45",92,32,"14.5097",198.1584,151.6973,"3.0459","50"
2495315,"Denarius Moore","WR","OAK",-10.8667,211.482,"180.25",93,41,"5.2724",220.5824,203.7732,"4.6883","46"
2532841,"Michael Floyd","WR","ARI",-11.3813,210.9675,"251.15",94,42,"10.5748",226.4996,180.9916,"3.9062","56"
2505299,"Antonio Gates","TE","SD",-11.6963,192.0449,"225.8",95,9,"2.6269",201.7328,182.1098,"2.8283","38"
2495825,"Owen Daniels","TE","HOU",-11.8789,191.8622,"79.8",96,10,"5.796",193.8411,187.3671,"6.223","7"
2495438,"Kyle Rudolph","TE","MIN",-16.7675,186.9737,"94.95",97,11,"2.1922",190.627,181.1961,"5.4689","9"
71431,"Brandon Pettigrew","TE","DET",-18.5824,185.1588,"112.4",98,12,"1.4091",193.7486,172.7231,"3.0942","35"
89766,"Brandon Myers","TE","NYG",-19.3369,184.4042,"149.3",99,13,"5.2846",192.0936,161,"3.6091","27"
2495267,"Jordan Cameron","TE","CLE",-20.6459,183.0952,"259.55",100,14,"11.7849",197.2853,165.4402,"4.0989","22"
2495979,"DeAngelo Williams","RB","CAR",-20.7264,172.5913,"196.1",101,33,"8.1487",188.9559,145.8374,"3.0304","52"
2495718,"Sidney Rice","WR","SEA",-20.8969,201.4519,"64.65",102,43,"2.7911",218.6026,184.99,"3.1503","67"
81831,"Brian Hartline","WR","MIA",-23.0152,199.3336,"252.4",103,44,"4.0185",213.8307,176.3312,"3.2377","65"
2508115,"Vincent Brown","WR","SD",-24.3607,197.9881,"117.8",104,45,"5.5084",216.8361,156.2104,"5.8104","28"
929,"BenJarvus Green-Ellis","RB","CIN",-28.2663,165.0514,"105.1",105,34,"1.4698",195.8811,140.26,"4.5131","37"
1062,"Martellus Bennett","TE","CHI",-28.597,175.1441,"205.85",106,15,"11.8423",185.8776,153.1994,"3.624","26"
2495471,"Jacquizz Rodgers","RB","ATL",-29.4839,163.8339,"151.75",107,35,"1.7693",175.4746,149.895,"4.6781","33"
2533038,"Justin Blackmon","WR","JAC",-29.7067,192.6421,"97.25",108,46,"1.0283",206.5905,167.1893,"2.5222","83"
4327,"Danny Woodhead","RB","SD",-29.9883,163.3295,"257.95",109,36,"2.5636",178.522,141.144,"3.6405","44"
2532807,"Ryan Broyles","WR","DET",-30.0315,192.3173,"20.95",110,47,"2.5927",217.6682,158.6098,"7.64","15"
2532977,"Kendall Wright","WR","TEN",-31.4385,190.9103,"267.85",111,48,"3.2979",211.4084,138.9267,"8.4473","7"
2533437,"Ronnie Hillman","RB","DEN",-32.5181,160.7997,"57",112,37,"3.3917",189.1429,89.7508,"6.4092","16"
2507141,"Pierre Thomas","RB","NO",-32.5856,160.7321,"238.4",113,38,"8.1652",172.0162,128.9913,"3.3011","48"
2533039,"Alshon Jeffery","WR","CHI",-33.8099,188.5388,"341.15",114,49,"2.6859",199.5752,170.7015,"3.0799","69"
2495192,"Greg Little","WR","CLE",-35.6628,186.686,"130.3",115,50,"1.8936",195.9537,161.972,"2.8038","76"
216,"Fred Davis","TE","WAS",-36.2646,167.4766,"23.5",116,16,"11.3234",174.3577,158.4455,"4.2583","19"
2533533,"Rueben Randle","WR","NYG",-37.3288,185.02,"180.5",117,51,"2.1787",201.8562,160.3046,"4.2419","52"
2540165,"DeAndre Hopkins","WR","HOU",-37.7841,184.5647,"181.3",118,52,"7.8588",204.2681,164.1753,"4.7875","43"
2507790,"Andre Brown","RB","NYG",-39.2339,154.0839,"87.8",119,39,"3.2825",183.492,109.4995,"4.7175","32"
497302,"Brandon LaFell","WR","CAR",-41.2308,181.118,"173.05",120,53,"10.9623",195.3704,162.1332,"2.6642","80"
2506014,"Michael Turner","RB","FA",-42.2678,151.05,"null",121,40,"3.587",151.05,151.05,"null","null"
949,"Jonathan Stewart","RB","CAR",-42.765,150.5528,"31.6",122,41,"7.5582",211.5558,70.6732,"15.3148","1"
2495888,"Marcedes Lewis","TE","JAC",-44.614,159.1272,"99.85",123,17,"6.9826",166.8748,147.3055,"2.9844","36"
2506871,"Fred Jackson","RB","BUF",-48.9445,144.3733,"277.55",124,42,"3.9599",166.1065,90.0121,"4.6428","34"
2539214,"Kenbrell Thompkins","WR","NE",-50.0549,172.2939,"125.9",125,54,"4.6704",197.8011,146.3832,"7.5103","18"
497238,"Jermaine Gresham","TE","CIN",-50.5619,153.1792,"129.7",126,18,"2.9317",170.3457,135.445,"4.7006","16"
2533012,"Vick Ballard","RB","IND",-51.7019,141.6159,"9.4",127,43,"3.2854",156.0925,113.7868,"3.412","45"
2532838,"Coby Fleener","TE","IND",-52.6313,151.1099,"167.2",128,19,"3.5314",163.3649,139.5562,"3.2353","33"
2495466,"Mark Ingram","RB","NO",-54.1068,139.2109,"80.5",129,44,"2.0124",152.9309,111.8342,"3.374","46"
2505785,"Malcom Floyd","WR","SD",-54.3315,168.0173,"28.35",130,55,"2.6317",174.8032,157.9277,"5.3929","33"
2508112,"Rob Housler","TE","ARI",-54.356,149.3852,"113.1",131,20,"4.2686",158.023,130.8682,"2.6475","40"
2535869,"Rod Streater","WR","OAK",-55.1191,167.2297,"214.2",132,56,"5.8143",189.6437,140.9432,"6.1597","25"
497190,"Dexter McCluster","RB","KC",-55.8678,137.45,"137.15",133,45,"1.3155",157.0586,123.5117,"4.19","40"
497190,"Dexter McCluster","RB","KC",-55.8678,137.45,"137.15",133,45,"1.3155",157.0586,123.5117,"4.19","40"
2505996,"Eli Manning","QB","NYG",-56.1907,326.4975,"140.6",134,13,"15.9518",349.8455,290.5842,"2.5516","27"
497208,"Ben Tate","RB","HOU",-56.3707,136.947,"168.55",135,46,"2.011",164.977,74.8153,"5.5756","19"
2533046,"Dwayne Allen","TE","IND",-57.9693,145.7719,"10",136,21,"3.3644",151.3612,136.3038,"4.5639","17"
2532926,"Isaiah Pead","RB","STL",-57.9958,135.322,"23.75",137,47,"1.496",162.7616,114.5615,"7.234","9"
2506343,"Cedric Benson","RB","FA",-58.7678,134.55,"null",138,48,"2.0812",134.55,134.55,"null","null"
497320,"Andre Roberts","WR","ARI",-58.8073,163.5415,"125.65",139,57,"5.7816",170.695,147.9663,"4.5404","48"
2540148,"Tyler Eifert","TE","CIN",-59.28,144.4612,"117.75",140,22,"9.7961",171.8296,117.4936,"10.8092","2"
2534796,"Bryce Brown","RB","PHI",-60.2157,133.1021,"70.55",141,49,"2.5767",156.0722,93.551,"3.3333","47"
2540175,"LeVeon Bell","RB","PIT",-61.4822,131.8356,"224.85",142,50,"4.7114",163.638,68.5332,"6.6806","12"
80427,"Darrius Heyward-Bey","WR","IND",-63.0594,159.2894,"81.35",143,58,"6.2487",179.9805,134.99,"4.3449","51"
497224,"Ed Dickson","TE","BAL",-63.3873,140.3538,"71.95",144,23,"13.396",157.2278,125.745,"7.4692","6"
2533545,"Bernard Pierce","RB","BAL",-64.1027,129.2151,"64.4",145,51,"10.0192",152.9502,85.5669,"4.2077","39"
2504531,"Michael Vick","QB","PHI",-64.697,317.9912,"142.3",146,14,"15.0731",362.9095,266.6418,"5.881","11"
2533040,"Mohamed Sanu","WR","CIN",-66.1182,156.2305,"124.25",147,59,"7.8525",173.9645,134.7011,"3.4636","61"
4433,"Marcel Reece","RB","OAK",-68.2843,125.0335,"136.55",148,52,"11.9482",139.0833,105.2214,"3.8093","41"
2495651,"Jacoby Jones","WR","BAL",-72.498,149.8508,"185.7",149,60,"3.0819",161.0373,119.449,"2.788","77"
2506369,"Heath Miller","TE","PIT",-74.7647,128.9764,"149.95",150,24,"4.7725",141.5427,107.5333,"3.8189","23"
497190,"Dexter McCluster","WR","KC",-75.4434,146.9054,"137.15",151,61,"0.5714",157.0586,123.5117,"2.9331","72"
497190,"Dexter McCluster","WR","KC",-75.4434,146.9054,"137.15",151,61,"0.5714",157.0586,123.5117,"2.9331","72"
2495189,"Jeremy Kerley","WR","NYJ",-75.7165,146.6323,"146.15",152,62,"0.7336",169.2874,102.8767,"7.9593","9"
2505511,"Nate Burleson","WR","DET",-76.3131,146.0357,"114.15",153,63,"2.6746",161.0225,127.1232,"2.3445","85"
2533537,"Stephen Hill","WR","NYJ",-76.5871,145.7617,"78.3",154,64,"5.1459",168.1864,111.8528,"5.2479","36"
2541151,"Zach Sudfeld","TE","NYJ",-78.8019,124.9392,"14.45",155,25,"1.642",139.3178,110.3615,"5.988","8"
2506109,"Ben Roethlisberger","QB","PIT",-79.5881,303.1001,"308.8",156,15,"3.1564",322.5093,267.1661,"2.4625","28"
2505982,"Matt Schaub","QB","HOU",-79.9521,302.7361,"100.2",157,16,"7.0887",315.238,274.6594,"3.3666","22"
2495161,"Roy Helu","RB","WAS",-79.9595,113.3582,"128.35",158,53,"0.6644",134.755,73.7232,"3.647","42"
2507218,"Brent Celek","TE","PHI",-80.2726,123.4685,"140.3",159,26,"2.7315",130.7166,114.8502,"4.2564","20"
2495328,"Bilal Powell","RB","NYJ",-80.5055,112.8122,"159.9",160,54,"0.6375",134.2403,48.7881,"5.3428","23"
2495573,"Scott Chandler","TE","BUF",-80.6153,123.1258,"160.25",161,27,"4.9882",126.8766,117.0841,"5.4529","10"
2539326,"Johnathan Franklin","RB","GB",-80.7424,112.5754,"29.35",162,55,"4.9866",140.5902,51.9098,"6.6367","14"
184,"Donnie Avery","WR","KC",-81.3883,140.9604,"138.4",163,65,"1.6953",155.3838,119.8672,"2.3115","86"
2495468,"Mikel Leshoure","RB","DET",-81.5436,111.7741,"1.2",164,56,"8.4812",147.812,46.5334,"7.8899","6"
2540169,"Robert Woods","WR","BUF",-82.0777,140.2711,"146.5",165,66,"2.0351",154.1098,125.01,"2.7324","79"
2506885,"Santonio Holmes","WR","NYJ",-84.0896,138.2592,"97.4",166,67,"0.6304",166.3434,109.2263,"6.5126","20"
735,"Davone Bess","WR","CLE",-84.136,138.2128,"109.25",167,68,"1.7086",153.2148,106.1169,"3.6854","58"
2504743,"Santana Moss","WR","WAS",-85.3042,137.0446,"126.05",168,69,"2.4368",141.1592,128.6732,"6.2934","24"
2495966,"Delanie Walker","TE","TEN",-85.3928,118.3483,"181.65",169,28,"2.3885",129.9367,103.3732,"2.785","39"
79557,"Josh Freeman","QB","TB",-85.537,297.1513,"-1.65",170,17,"5.9129",320.868,244.3191,"3.201","24"
2495353,"Julius Thomas","TE","DEN",-85.8141,117.927,"255.2",171,29,"9.3267",129.6428,95.245,"4.4272","18"
2540145,"Cordarrelle Patterson","WR","MIN",-86.3849,135.9639,"233",172,70,"3.3204",158.1864,106.2402,"6.4387","21"
2495143,"Andy Dalton","QB","CIN",-88.5447,294.1435,"330.2",173,18,"6.4711",326.2488,243.455,"3.9197","18"
2532978,"Jarius Wright","WR","MIN",-89.097,133.2518,"109.55",174,71,"1.3061",142.1231,124.72,"3.2843","64"
2506107,"Kellen Winslow","TE","NYJ",-89.7486,113.9926,"101.2",175,30,"11.6871",117.7644,110.345,"5.4184","11"
497145,"Joique Bell","RB","DET",-89.9142,103.4035,"244.55",176,57,"0.6216",135.3061,54.1266,"6.6507","13"
2495172,"Kendall Hunter","RB","SF",-90.1355,103.1823,"67.85",177,58,"2.5777",112.6185,85.5906,"4.7457","31"
81288,"Brandon Gibson","WR","MIA",-90.3134,132.0353,"96.9",178,72,"3.5124",143.1718,111.6098,"3.0258","70"
2539256,"Aaron Dobson","WR","NE",-90.4928,131.856,"138.85",179,73,"8.5989",155.4454,82.25,"8.8725","4"
238504,"LaRod Stephens-Howling","RB","PIT",-90.9362,102.3816,"4.85",180,59,"4.8068",131.5656,55.5,"5.873","18"
2495824,"Jay Cutler","QB","CHI",-94.3551,288.3331,"201",181,19,"2.9222",319.3992,257.6399,"3.7537","19"
79563,"Shonn Greene","RB","TEN",-94.4901,98.8277,"66.6",182,60,"2.7283",113.2044,62.4235,"2.2196","61"
2505245,"Carson Palmer","QB","ARI",-95.6765,287.0117,"232.55",183,20,"4.2315",303.1879,261.9432,"3.1475","25"
2507428,"Mike Tolbert","RB","CAR",-96.9959,96.3218,"129.15",184,61,"0.5091",116.4464,36.8814,"4.6181","36"
497282,"Riley Cooper","WR","PHI",-97.159,125.1898,"220.05",185,74,"4.7703",130.8881,115.0098,"5.5119","31"
2507591,"Isaac Redman","RB","PIT",-97.4408,95.8769,"2.2",186,62,"0.615",138.9827,52.719,"6.6924","11"
2533460,"Robert Turbin","RB","SEA",-97.5692,95.7486,"38.45",187,63,"1.8156",122.1201,43.2832,"5.0348","27"
2495241,"Daniel Thomas","RB","MIA",-98.5425,94.7753,"100.5",188,64,"1.7341",118.156,60.109,"3.0357","51"
382,"Joe Flacco","QB","BAL",-98.8781,283.8101,"180.25",189,21,"5.7583",297.2635,264.0557,"3.4728","20"
2507179,"Brandon Jackson","RB","FA",-100.2271,93.0906,"null",190,65,"0.1698",96.4284,85.45,"5.3516","22"
2507192,"Michael Bush","RB","CHI",-100.3261,92.9917,"47.05",191,66,"0.182",104.9309,55.0604,"2.6988","53"
79661,"Beanie Wells","RB","FA",-100.4678,92.85,"null",192,67,"2.3303",92.85,92.85,"null","null"
71247,"James Casey","TE","PHI",-100.533,103.2082,"7.65",193,31,"2.7477",131.2809,69.9098,"12.1378","1"
2495474,"Ryan Williams","RB","ARI",-100.5484,92.7693,"null",194,68,"4.5035",121.085,58.983,"5.2004","25"
2506121,"Philip Rivers","QB","SD",-100.9379,281.7504,"403.9",195,22,"9.1934",303.2992,251.8246,"2.3303","29"
2540154,"Keenan Allen","WR","SD",-101.0244,121.3244,"279.15",196,75,"1.8938",135.9916,101.3857,"3.1164","68"
2495942,"Tony Scheffler","TE","DET",-102.3384,101.4027,"19.3",197,32,"3.6252",113.9118,88.1832,"3.5969","28"
2506313,"Nate Washington","WR","TEN",-102.8341,119.5147,"213.85",198,76,"4.3226",128.1091,104.8193,"4.1565","53"
832,"Josh Morgan","WR","WAS",-103.0022,119.3466,"67",199,77,"8.9522",138.8894,71.6332,"7.5992","16"
2540258,"Travis Kelce","TE","KC",-104.223,99.5181,"null",200,33,"3.6908",106.004,91.05,"3.6502","25"
2530690,"DuJuan Harris","RB","GB",-105.0477,88.2701,"null",201,69,"1.2007",95.5967,72.7821,"4.6215","35"
497176,"Toby Gerhart","RB","MIN",-105.0561,88.2616,"93.1",202,70,"3.4482",92.3519,81.0015,"6.3517","17"
2540273,"Zac Stacy","RB","STL",-107.4406,85.8771,"196.55",203,71,"2.5016",109.5048,36.89,"4.8918","29"
497234,"Garrett Graham","TE","HOU",-107.7042,96.0369,"157.75",204,34,"0.5509",104.9855,87.545,"3.6503","24"
2495835,"Anthony Fasano","TE","KC",-108.1235,95.6177,"71",205,35,"1.0421",103.0353,85.5494,"3.5084","29"
2506340,"Alex Smith","QB","KC",-108.3351,274.3532,"298.6",206,23,"14.7338",307.0936,207.0991,"4.8993","14"
2505664,"Dallas Clark","TE","BAL",-108.3868,95.3544,"100.45",207,36,"1.851",113.7817,60.1357,"8.9226","4"
931,"Felix Jones","RB","PIT",-109.5681,83.7497,"34.65",208,72,"1.7027",109.8086,52.92,"5.3042","24"
2495234,"Luke Stocker","TE","TB",-109.9444,93.7967,"null",209,37,"2.5953",105.1973,66,"4.995","14"
2540171,"Joseph Randle","RB","DAL",-110.3164,83.0014,"37.85",210,73,"2.2801",90.3576,74.0267,"5.5586","20"
324,"Jacob Tamme","TE","DEN",-110.5312,93.21,"53.6",211,38,"4.7165",100.5201,86.08,"3.2976","30"
2495158,"Leonard Hankerson","WR","WAS",-111.3113,111.0375,"104.25",212,78,"1.9854",127.2322,67.8406,"5.337","34"
497095,"Sam Bradford","QB","STL",-111.9274,270.7608,"125.5",213,24,"26.5082",300.8784,245.377,"3.4119","21"
497174,"Jonathan Dwyer","RB","PIT",-112.2252,81.0925,"39.95",214,74,"0.7666",98.01,59.8631,"2.5853","55"
2506342,"Braylon Edwards","WR","FA",-112.5976,109.7512,"null",215,79,"1.5916",126.3163,88.65,"5.2689","35"
2495139,"Charles Clay","RB","MIA",-112.9678,80.35,"224.1",216,75,"0.9696",82.1192,65.935,"5.3688","21"
2495139,"Charles Clay","RB","MIA",-112.9678,80.35,"224.1",216,75,"0.9696",82.1192,65.935,"5.3688","21"
2540178,"Knile Davis","RB","KC",-113.0158,80.3019,"63.35",217,76,"2.2114",105.7175,56.3159,"3.279","49"
238498,"Julian Edelman","WR","NE",-113.9958,108.353,"318.1",218,80,"0.5979",125.2778,91.094,"3.0008","71"
2539291,"Markus Wheaton","WR","PIT",-114.3825,107.9663,"17.45",219,81,"0.5496",136.5824,80.4393,"7.4929","19"
497256,"Tony Moeaki","TE","BUF",-114.5483,89.1928,"null",220,39,"1.7233",93.1615,83.04,"4.7171","15"
2539205,"Terrance Williams","WR","DAL",-114.8049,107.5439,"188.5",221,82,"0.3022",121.0361,96.9493,"2.8734","74"
71345,"Rashad Jennings","RB","OAK",-114.859,78.4588,"213.45",222,77,"0.8349",95.5184,53.0602,"2.3913","57"
497288,"Jacoby Ford","WR","OAK",-115.0593,107.2894,"41.35",223,83,"1.0924",115.2916,91.2006,"4.513","49"
2495802,"Jason Avant","WR","PHI",-115.1548,107.1939,"114.05",224,84,"3.2938",133.2719,64.7263,"8.2454","8"
2533036,"LaMichael James","RB","SF",-115.5955,77.7223,"13.1",225,78,"0.9539",105.8549,52.8765,"3.6443","43"
2539260,"Denard Robinson","RB","JAC",-115.7922,77.5256,"-1.2",226,79,"3.5238",116.1956,-10.9301,"9.1606","3"
2499277,"David Ausberry","TE","OAK",-115.947,87.7942,"null",227,40,"1.8229",102.2453,66.8241,"5.1466","13"
2540158,"Zach Ertz","TE","PHI",-116.5962,87.145,"130.35",228,41,"6.4146",98.2182,66.395,"3.243","32"
2508097,"Andrew Hawkins","WR","CIN",-117.1486,105.2002,"41.85",229,85,"2.6014",129.1461,66.55,"7.666","13"
2539322,"Christine Michael","RB","SEA",-117.3065,76.0113,"10.2",230,80,"4.9045",86.1906,64.4395,"5.1077","26"
2507883,"Jeff Cumberland","TE","NYJ",-118.9436,84.7975,"109.7",231,42,"9.6369",108.1453,59.4332,"9.3124","3"
2505600,"Brandon Lloyd","WR","FA",-119.7488,102.6,"null",232,86,"0.0586",102.6,102.6,"null","null"
222,"Harry Douglas","WR","ATL",-119.7511,102.5977,"256.9",233,87,"0.2687",108.9643,89.15,"5.2219","37"
81282,"Austin Collie","WR","NE",-119.8637,102.4851,"15.45",234,88,"1.1178",119.358,87.845,"5.8812","27"
2532933,"Brian Quick","WR","STL",-120.176,102.1728,"75.3",235,89,"3.5142",133.2332,40.79,"11.8017","1"
79619,"Knowshon Moreno","RB","DEN",-121.3255,71.9923,"350.85",236,81,"2.0589",93.8355,44.894,"2.5854","54"
2540202,"Kenny Stills","WR","NO",-121.787,100.5618,"158.15",237,90,"4.9586",121.2721,81.59,"4.7245","44"
2535708,"Lance Dunbar","RB","DAL",-123.0966,70.2212,"35.35",238,82,"0.8384",88.9607,36.9942,"2.2345","60"
2539663,"Mike Gillislee","RB","MIA",-123.6722,69.6456,"1.8",239,83,"1.7573",78.2594,54.7917,"5.0216","null"
2531056,"William Powell","RB","FA",-124.1978,69.12,"null",240,84,"2.6011",69.12,69.12,"null","null"
733,"Earl Bennett","WR","CHI",-125.5935,96.7553,"92.45",241,91,"2.5063",109.2432,80.6332,"3.1829","66"
497192,"Joe McKnight","RB","KC",-126.6613,66.6565,"null",242,85,"0.7326",82.8671,44.894,"2.3814","58"
2495744,"Jason Snelling","RB","ATL",-126.9365,66.3813,"101.6",243,86,"1.9009",73.5142,55.6327,"5.4566","null"
2506531,"Joel Dreessen","TE","DEN",-127.078,76.6632,"20.05",244,43,"3.8892",93.8401,44.6333,"7.9569","5"
927,"Justin Forsett","RB","JAC",-127.8513,65.4665,"32.1",245,87,"2.6648",93.7912,22.8502,"5.0108","28"
2503158,"Brandon Stokley","WR","BAL",-127.8977,94.4511,"30.25",246,92,"1.2034",116.8372,54.3,"9.9181","2"
2506928,"Domenik Hixon","WR","CAR",-128.302,94.0468,"21.25",247,93,"1.708",102.9032,82.8,"4.6905","45"
80644,"Mike Goodson","RB","NYJ",-129.8235,63.4943,"17.9",248,88,"1.6154",105.9317,25.2098,"9.3819","2"
2495445,"Jon Baldwin","WR","SF",-129.9001,92.4487,"7.2",249,94,"0.3924",102.1716,74.0027,"3.3473","62"
2495139,"Charles Clay","TE","MIA",-130.0831,73.658,"224.1",250,44,"2.0215",82.1192,65.935,"3.251","31"
2495139,"Charles Clay","TE","MIA",-130.0831,73.658,"224.1",250,44,"2.0215",82.1192,65.935,"3.251","31"
2532850,"T.J. Graham","WR","BUF",-130.1198,92.2289,"87.1",251,95,"1.2708",105.5904,73.957,"2.8363","75"
2530747,"Doug Baldwin","WR","SEA",-130.4651,91.8837,"199.55",252,96,"3.2546",96.5954,84.9832,"6.3364","23"
2506341,"Ronnie Brown","RB","SD",-131.2087,62.109,"36.35",253,89,"1.7821",72.2233,53.015,"4.6476","null"
2507779,"Donald Brown","RB","IND",-131.669,61.6488,"191.7",254,90,"2.6869",75.1158,45.9831,"4.0125","null"
1074,"Dustin Keller","TE","MIA",-131.8511,71.89,"null",255,45,"3.7603",71.89,71.89,"null","null"
2495212,"Austin Pettis","WR","STL",-132.3162,90.0326,"123.7",256,97,"3.419",94.9386,77.5126,"4.6834","47"
2495187,"Lance Kendricks","TE","STL",-132.3581,71.383,"94.7",257,46,"6.7852",82.6307,61,"3.1464","34"
2495194,"Jake Locker","QB","TEN",-134.2102,248.478,"117.1",258,25,"10.4478",288.9722,203.5497,"5.2985","13"
2495469,"Dion Lewis","RB","CLE",-134.3127,59.0051,"null",259,91,"1.7539",67.006,42.55,"4.4042","null"
2541161,"Latavius Murray","RB","OAK",-134.399,58.9188,"null",260,92,"3.6279",80.4327,13.2298,"4.4033","38"
497324,"Jordan Shipley","WR","FA",-135.1232,87.2256,"null",261,98,"1.3943",103.9794,65.0298,"2.5996","82"
1990,"Eddie Royal","WR","SD",-136.3473,86.0015,"191.7",262,99,"2.0062",106.9432,53.0446,"6.3744","22"
2536031,"Damaris Johnson","WR","PHI",-136.6877,85.6611,"31.15",263,100,"5.4231",105.6742,53.1143,"7.6583","14"
2495660,"Brian Leonard","RB","TB",-137.7341,55.5837,"75.2",264,93,"0.7912",65.0219,32.9055,"4.0728","null"
2506147,"John Kuhn","RB","GB",-138.3197,54.9981,"35.05",265,94,"2.5926",59.9114,48.6,"5.9993","null"
2539217,"Andre Ellington","RB","ARI",-138.7309,54.5868,"225.75",266,95,"4.9005",58.8839,46.1251,"5.9755","null"
2540215,"Vance McDonald","TE","SF",-138.8648,64.8764,"25.85",267,47,"2.5498",75.6072,52.6277,"3.8976","null"
2507850,"Jake Ballard","TE","ARI",-139.4219,64.3192,"30.25",268,48,"4.0147",79.3777,45.43,"11.3827","null"
81857,"Kevin Ogletree","WR","DET",-140.0193,82.3295,"74.6",269,101,"4.305",88.0245,74.2522,"4.9659","39"
2532970,"Brandon Weeden","QB","CLE",-142.6611,240.0271,"58.8",270,26,"15.0316",281.4389,193.2952,"5.4215","12"
2495220,"Evan Royster","RB","WAS",-143.0935,50.2243,"-0.05",271,96,"1.1251",62.2159,20.9,"3.1379","null"
2507752,"Tom Crabtree","TE","TB",-143.4072,60.334,"13.15",272,49,"0.0707",74.7304,41.1395,"4.4311","null"
1992,"Craig Stevens","TE","TEN",-143.4661,60.275,"2.75",273,50,"1.6975",72.7012,45.475,"4.7856","null"
2506122,"Benjamin Watson","TE","NO",-143.4896,60.2516,"64.9",274,51,"6.8448",76.6589,31.6,"7.5276","null"
1980,"Peyton Hillis","RB","NYG",-144.1693,49.1484,"55.75",275,97,"0.1259",85.1196,18.25,"8.0621","4"
2540151,"Justin Hunter","WR","TEN",-144.2021,78.1467,"95.1",276,102,"0.3054",101.8615,26.1571,"8.7054","6"
2495467,"Taiwan Jones","RB","OAK",-144.2678,49.05,"13.4",277,98,"0.9281",49.05,49.05,"null","null"
79629,"Cedric Peerman","RB","CIN",-144.3228,48.995,"-0.9",278,99,"1.9026",48.995,48.995,"null","null"
2506004,"Jerricho Cotchery","WR","PIT",-144.4465,77.9023,"196.3",279,103,"0.7865",104.5591,34.05,"9.4951","3"
2540267,"Ace Sanders","WR","JAC",-144.5685,77.7803,"140.35",280,104,"2.0964",99.9298,50.056,"7.8429","12"
2532876,"A.J. Jenkins","WR","KC",-145.8975,76.4513,"27.5",281,105,"1.544",87.2443,64.4,"2.9251","73"
81869,"Bernard Scott","RB","BAL",-146.069,47.2488,"4.7",282,100,"0.6563",50.4929,41.75,"6.4135","null"
2495967,"Leon Washington","RB","TEN",-146.3817,46.9361,"-0.45",283,101,"0.778",48.9176,42.4,"6.3007","null"
2532956,"Ryan Tannehill","QB","MIA",-146.6549,236.0333,"242.95",284,27,"32.6269",285.7359,101.787,"10.1242","3"
2532924,"David Paulson","TE","PIT",-146.8376,56.9035,"18.3",285,52,"8.3705",62.5437,49.845,"2.6177","null"
2505777,"Vonta Leach","RB","BAL",-147.0689,46.2489,"22.7",286,102,"0.619",50.6346,40.7226,"6.0399","null"
2495461,"Shaun Draughn","RB","FA",-147.2505,46.0673,"-2.4",287,103,"1.7407",51.7861,41.38,"6.2169","null"
2532823,"Juron Criner","WR","OAK",-147.4324,74.9164,"7.8",288,106,"0.1402",95.9216,38.25,"8.8035","5"
71491,"Tiquan Underwood","WR","TB",-147.4505,74.8983,"114",289,107,"0.7319",82.9752,67.585,"3.8488","57"
2539250,"Quinton Patton","WR","SF",-147.6947,74.6541,"8.45",290,108,"1.0843",86.344,50.355,"3.2852","63"
2495464,"Jamie Harper","RB","FA",-148.1252,45.1925,"null",291,104,"2.5117",50.1611,38.96,"5.1143","null"
1030,"Mario Manningham","WR","SF",-148.6702,73.6786,"21.75",292,109,"0.7331",90.0727,49.1353,"3.9753","54"
318,"Jerome Simpson","WR","MIN",-148.8878,73.461,"162.9",293,110,"2.0222",83.4938,52.9163,"2.6378","81"
2533037,"Chris Polk","RB","PHI",-149.8572,43.4606,"52.3",294,105,"1.6627",55.221,23.8215,"3.894","null"
2532884,"Marvin Jones","WR","CIN",-149.9187,72.4301,"217.8",295,111,"2.2522",84.3678,60.9277,"2.7736","78"
497149,"LeGarrette Blount","RB","NE",-151.4166,41.9012,"160.55",296,106,"0.3613",73.0725,-26.2647,"6.5853","null"
2506817,"Montell Owens","RB","DET",-151.623,41.6948,"null",297,107,"1.2623",41.7363,41.6,"7.6585","null"
2507902,"Marlon Moore","WR","MIA",-151.9014,70.4474,"16.3",298,112,"0.6932",84.6865,49.9092,"4.4386","50"
2507518,"Lance Ball","RB","FA",-151.9328,41.385,"null",299,108,"3.315",41.385,41.385,"null","null"
2532790,"Travis Benjamin","WR","CLE",-152.4404,69.9084,"52.9",300,113,"0.4709",85.001,36.9667,"5.2219","38"
2495721,"Laurent Robinson","WR","FA",-152.7488,69.6,"null",301,114,"1.5039",69.6,69.6,"null","null"
80425,"Percy Harvin","WR","SEA",-153.0737,69.2751,"6.45",302,115,"2.59",78.5369,58.95,"2.629","null"
2540200,"Dion Sims","TE","MIA",-153.8311,49.91,"16.8",303,53,"3.1635",49.91,49.91,"null","null"
1365,"Jacob Hester","RB","FA",-153.8378,39.48,"null",304,109,"2.8987",39.48,39.48,"null","null"
2495159,"Dwayne Harris","WR","DAL",-155.4317,66.9171,"100.65",305,116,"1.3757",81.7681,31.55,"5.9645","26"
2504253,"Plaxico Burress","WR","PIT",-155.8957,66.4531,"null",306,117,"1.8376",74.2521,56.67,"2.5047","null"
2541199,"Luke Willson","TE","SEA",-156.5852,47.156,"66.8",307,54,"1.4073",48.9508,44.37,"5.5909","null"
163982,"Will Johnson","RB","PIT",-156.6578,36.66,"20.15",308,110,"1.3847",36.66,36.66,"null","null"
2530990,"Phillip Tanner","RB","DAL",-156.8151,36.5027,"10.8",309,111,"2.6287",37.7713,34.745,"7.0046","null"
2495877,"Jeff King","TE","ARI",-157.4041,46.3371,"null",310,55,"1.5314",50.7195,41.5121,"4.5154","null"
71269,"Michael Crabtree","WR","SF",-157.719,64.6298,"67.6",311,118,"0.9982",88.958,28,"7.9511","10"
2532900,"Keshawn Martin","WR","HOU",-157.7477,64.6011,"148.55",312,119,"2.3427",68.7285,58.8831,"6.0061","null"
1966,"John Carlson","TE","MIN",-158.581,45.1602,"89.6",313,56,"1.5682",47.7019,41.215,"4.8316","null"
2539315,"Stepfan Taylor","RB","ARI",-159.2698,34.048,"26.15",314,112,"0.385",58.1067,-5.2165,"4.2167","null"
2507828,"Logan Paulsen","TE","WAS",-159.2899,44.4513,"80.05",315,57,"1.7309",46.7585,40.87,"5.07","null"
2495263,"Damien Berry","RB","FA",-159.6178,33.7,"null",316,113,"0.1086",33.7,33.7,"null","null"
80670,"Louis Murphy","WR","NYG",-159.6867,62.6621,"14.55",317,120,"1.5097",69.5548,46.25,"3.8539","null"
2506914,"Michael Robinson","RB","SEA",-159.6919,33.6258,"5.3",318,114,"0.1261",35.6524,29,"6.2717","null"
2495257,"Armando Allen","RB","FA",-159.7608,33.557,"null",319,115,"0.4508",40.8152,22.1346,"5.0477","null"
497178,"Montario Hardesty","RB","FA",-159.8753,33.4425,"null",320,116,"1.1543",46.3428,15.6489,"3.983","null"
2495449,"Tandon Doss","WR","BAL",-160.494,61.8548,"94.7",321,121,"2.2222",63.0643,60.5,"7.7003","null"
497214,"Keiland Williams","RB","FA",-160.5478,32.77,"null",322,117,"1.242",32.77,32.77,"null","null"
2532853,"Ladarius Green","TE","SD",-161.0085,42.7327,"91.4",323,58,"0.623",46.9994,36.11,"3.078","null"
2539995,"Mychal Rivera","TE","OAK",-161.0331,42.708,"123.05",324,59,"1.6273",44.4417,39.6,"5.5214","null"
497206,"James Starks","RB","GB",-161.5114,31.8064,"128.5",325,118,"1.0265",54.1194,3.1464,"3.2484","null"
2502220,"Randy Moss","WR","FA",-161.8988,60.45,"null",326,122,"2.3192",60.45,60.45,"8.3692","null"
2540224,"Mike James","RB","TB",-162.0681,31.2497,"59.95",327,119,"0.9997",53.3726,-36.947,"6.9395","null"
2532834,"Michael Egnew","TE","MIA",-162.2298,41.5113,"17.35",328,60,"1.5557",46.75,33.38,"2.7013","null"
2507737,"Darrel Young","RB","WAS",-163.0078,30.31,"41.95",329,120,"0.335",30.31,30.31,"null","null"
2495960,"David Thomas","TE","FA",-163.0911,40.65,"null",330,61,"1.7411",40.65,40.65,"null","null"
2499274,"Baron Batch","RB","FA",-163.1278,30.19,"null",331,121,"0.4613",30.19,30.19,"null","null"
2540157,"Stedman Bailey","WR","STL",-163.5336,58.8152,"52.2",332,123,"1.5342",80.5914,24.2283,"7.5227","17"
2533047,"Orson Charles","RB","CIN",-163.5578,29.76,"2.2",333,122,"0.4838",29.76,29.76,"null","null"
2507209,"LeRon McClain","RB","SD",-163.6204,29.6974,"2.3",334,123,"0.9061",33.9397,21.1,"5.9423","null"
1996,"Ryan Torain","RB","FA",-164.4628,28.855,"null",335,124,"0.4137",28.855,28.855,"null","null"
2507182,"Matt Spaeth","TE","PIT",-164.4799,39.2613,"8.65",336,62,"2.143",41.3527,36.015,"5.2894","null"
80674,"Chris Ogbonnaya","RB","CLE",-164.5902,28.7276,"140.7",337,125,"0.8501",33.1113,17.3634,"5.5381","null"
2532960,"Nick Toon","WR","NO",-164.9024,57.4464,"14.2",338,124,"0.6145",65.0011,39.296,"3.0079","null"
2536532,"Jorvorskie Lane","RB","FA",-165.1628,28.155,"null",339,126,"0.6143",28.155,28.155,"null","null"
2540211,"Gavin Escobar","TE","DAL",-165.1847,38.5565,"41.1",340,63,"2.9872",42.9947,30.6,"2.5666","null"
497336,"Damian Williams","WR","TEN",-165.2333,57.1155,"48.45",341,125,"0.7688",60.1233,50.25,"5.1034","null"
2539265,"Rex Burkhead","RB","CIN",-165.7179,27.5999,"null",342,127,"0.5962",30.6722,23.755,"6.0977","null"
81308,"Mike Thomas","WR","HOU",-165.8005,56.5483,"null",343,126,"0.4658",57.9381,54.805,"7.2505","null"
2532797,"Brandon Bolden","RB","NE",-165.8363,27.4815,"101.85",344,128,"1.175",30.8509,22.9323,"6.6917","null"
2533539,"Tommy Streeter","WR","TB",-166.2038,56.145,"null",345,127,"0.8725",56.145,56.145,"null","null"
2539964,"Marquise Goodwin","WR","BUF",-166.3286,56.0202,"92",346,128,"2.2741",66.2549,37.2614,"2.7448","null"
4231,"Jed Collins","RB","NO",-166.7919,26.5259,"30.35",347,129,"1.0574",27.5153,25.155,"7.1549","null"
2539936,"Dennis Johnson","RB","HOU",-167.2308,26.087,"33.05",348,130,"1.702",34.9371,12.35,"2.6783","null"
2506931,"Kyle Williams","WR","BUF",-167.8239,54.5249,"null",349,129,"1.6738",79.5129,14.7277,"8.9552","null"
2505975,"D.J. Williams","TE","CHI",-168.0611,35.68,"null",350,64,"0.6562",35.68,35.68,"null","null"
2534742,"Taylor Thompson","TE","TEN",-168.2825,35.4586,"10.95",351,65,"1.4491",49.3098,18.4,"5.762","null"
2540011,"Chris Thompson","RB","WAS",-168.4678,24.85,"null",352,131,"1.525",24.85,24.85,"null","null"
2539228,"EJ Manuel","QB","BUF",-168.7305,213.9577,"112.75",353,28,"40.4987",265.8481,124.2269,"7.8852","9"
2534752,"Adrien Robinson","TE","NYG",-169.1521,34.589,"null",354,66,"1.199",37.3232,30.345,"4.6359","null"
2532903,"Rishard Matthews","WR","MIA",-169.3815,52.9673,"120.2",355,130,"0.3984",57.0348,47.865,"5.0952","null"
2536056,"Jeremy Stewart","RB","OAK",-169.3978,23.92,"8",356,132,"1.7759",23.92,23.92,"null","null"
2530720,"Joseph Morgan","WR","NO",-169.6138,52.735,"null",357,131,"0.7669",52.735,52.735,"null","null"
2532802,"LaVon Brazill","WR","IND",-169.9461,52.4027,"52.25",358,132,"1.461",58.3604,44.2386,"5.2016","null"
2507486,"Kellen Davis","TE","SEA",-170.3111,33.43,"13.8",359,67,"0.265",33.43,33.43,"null","null"
2495347,"Lee Smith","TE","BUF",-170.3911,33.35,"16.7",360,68,"0.8349",33.35,33.35,"null","null"
2530699,"Henry Hynoski","RB","NYG",-170.5878,22.73,"1.75",361,133,"1.3986",22.73,22.73,"null","null"
2499255,"Richard Gordon","TE","KC",-170.7611,32.98,"1.45",362,69,"1.3273",32.98,32.98,"null","null"
2506222,"Josh Cribbs","WR","NYJ",-170.8152,51.5336,"32.2",363,133,"1.2164",64.3674,35.435,"6.5573","null"
497258,"Andrew Quarless","TE","GB",-171.691,32.0502,"90.8",364,70,"1.6252",33.0392,30.515,"6.4101","null"
2540209,"Cierre Wood","RB","BAL",-171.7595,21.5583,"0.45",365,134,"0.8128",22.1442,20.825,"7.3843","null"
2495676,"Robert Meachem","WR","NO",-171.9991,50.3497,"76.6",366,134,"0.1573",57.4418,41.385,"4.6778","null"
2532887,"Jermaine Kearse","WR","SEA",-172.064,50.2848,"112.05",367,135,"0.6315",50.7225,49.5,"7.9553","null"
2495269,"Delone Carter","RB","JAC",-172.2132,21.1045,"null",368,135,"0.9984",32.625,1.7572,"3.4278","null"
2505976,"Michael Jenkins","WR","FA",-172.2488,50.1,"null",369,136,"1.0365",50.1,50.1,"null","null"
71435,"John Phillips","TE","SD",-172.4858,31.2553,"8.5",370,71,"1.707",36.5575,21.75,"3.1686","null"
2508119,"Alex Green","RB","NYJ",-172.9314,20.3863,"5.45",371,136,"0.5709",26.3483,13.35,"5.3751","null"
71195,"Ramses Barden","WR","BUF",-173.1422,49.2066,"null",372,137,"0.3849",57.0922,39.315,"2.5743","null"
2505453,"Kevin Walter","WR","TEN",-173.4285,48.9203,"null",373,138,"0.216",63.5914,23.6,"5.076","null"
2508138,"Anthony Allen","RB","BUF",-173.4919,19.8259,"null",374,137,"0.1359",19.8372,19.8,"7.6796","null"
2495314,"Bruce Miller","RB","SF",-173.5128,19.805,"60.1",375,138,"0.345",19.805,19.805,"null","null"
2507884,"David Nelson","WR","NYJ",-173.6256,48.7232,"111.45",376,139,"0.1255",50.2667,45.2,"6.6932","null"
2532833,"Pat Edwards","WR","DET",-173.6634,48.6854,"11.9",377,140,"0.5462",49.7133,47.09,"7.465","null"
230,"Jerome Felton","RB","MIN",-173.7428,19.575,"11.55",378,139,"0.3188",19.575,19.575,"null","null"
497298,"Donald Jones","WR","FA",-173.8388,48.51,"null",379,141,"1.1283",48.51,48.51,"null","null"
2495160,"Stanley Havili","RB","IND",-173.9728,19.345,"40.05",380,140,"0.3113",19.345,19.345,"null","null"
71255,"Chase Coffman","TE","ATL",-174.1464,29.5947,"1",381,72,"0.5463",33.5245,23.495,"3.4205","null"
1970,"Tashard Choice","RB","BUF",-174.1504,19.1674,"23.75",382,141,"0.6724",24.6506,12.4716,"5.5171","null"
2540233,"Nick Kasa","TE","OAK",-174.2393,29.5018,"8.35",383,73,"1.2335",31.9286,25.735,"4.9484","null"
2540270,"Miguel Maysonet","RB","PIT",-174.4178,18.9,"null",384,142,"0.9",18.9,18.9,"null","null"
2506407,"Courtney Roby","WR","FA",-174.5804,47.7684,"null",385,142,"1.3477",54.0809,39.85,"3.2881","null"
1060,"Gary Barnidge","TE","CLE",-175.1461,28.595,"44.05",386,74,"1.3994",28.595,28.595,"null","null"
2541544,"Benny Cunningham","RB","STL",-175.2278,18.09,"60.9",387,143,"0.2673",18.09,18.09,"null","null"
2535698,"Cole Beasley","WR","DAL",-175.3538,46.995,"110.15",388,143,"1.1943",50.445,41.64,"5.3342","null"
2540274,"Matthew Tucker","RB","PHI",-175.4078,17.91,"null",389,144,"0.1823",17.91,17.91,"null","null"
497172,"Anthony Dixon","RB","SF",-175.5823,17.7354,"15.3",390,145,"0.1101",21.7157,10.6,"5.2664","null"
2507806,"Tristan Davis","RB","FA",-175.5978,17.72,"null",391,146,"0.4272",17.72,17.72,"null","null"
2539289,"Kenjon Barner","RB","CAR",-175.7871,17.5307,"0.65",392,147,"0.7382",40.7507,-29.1131,"6.0556","null"
2540160,"Jordan Reed","TE","WAS",-175.7994,27.9417,"142.5",393,75,"2.0894",31.5873,21.6,"4.8465","null"
784,"Darius Reynaud","RB","TEN",-176.2628,17.055,"0.85",394,148,"0.825",17.055,17.055,"null","null"
2495296,"Lestar Jean","WR","HOU",-176.5024,45.8464,"9.25",395,144,"0.9155",53.02,36.4,"4.5875","null"
2495284,"Clyde Gates","WR","NYJ",-176.5938,45.755,"40.75",396,145,"2.2516",45.755,45.755,"null","null"
2530988,"Chad Spann","RB","HOU",-176.7878,16.53,"null",397,149,"0.6926",16.53,16.53,"null","null"
2533028,"James Hanna","TE","DAL",-177.2916,26.4496,"22.95",398,76,"1.3146",27.9275,23.8,"5.8008","null"
2508075,"Harvey Unga","RB","FA",-177.3878,15.93,"null",399,150,"0.2876",15.93,15.93,"null","null"
2495197,"Owen Marecic","RB","FA",-177.573,15.7448,"null",400,151,"0.2973",18.4072,12.405,"6.3086","null"
2541432,"Michael Cox","RB","NYG",-177.7778,15.54,"1.2",401,152,"0.33",15.54,15.54,"null","null"
2535890,"Travaris Cadet","RB","NO",-177.9628,15.3549,"8.75",402,153,"0.3025",17.2104,12.475,"6.6373","null"
2540179,"DaRick Rogers","WR","IND",-178.2419,44.1069,"54.8",403,146,"1.2286",44.1324,44.075,"8.3487","null"
79593,"Quinn Johnson","RB","TEN",-178.2528,15.065,"1",404,154,"0.1025",15.065,15.065,"null","null"
2532949,"Michael Smith","RB","TB",-178.2778,15.04,"null",405,155,"0.5675",15.04,15.04,"null","null"
2506953,"Lawrence Vickers","RB","FA",-178.4328,14.885,"null",406,156,"1.07",14.885,14.885,"null","null"
497250,"Anthony McCoy","TE","SEA",-178.4861,25.255,"null",407,77,"0.255",25.255,25.255,"null","null"
2534820,"Garrett Celek","TE","SF",-178.7261,25.015,"7.7",408,78,"0.1875",25.015,25.015,"null","null"
497248,"Jeron Mastrud","TE","OAK",-178.7561,24.985,"19.2",409,79,"0.63",24.985,24.985,"null","null"
2507405,"Matthew Mulligan","TE","NE",-179.0711,24.67,"10.4",410,80,"0.6575",24.67,24.67,"null","null"
2507596,"Marcus Thigpen","RB","MIA",-179.2578,14.06,"85.65",411,157,"0.7625",14.06,14.06,"null","null"
2505062,"Deion Branch","WR","IND",-179.4488,42.9,"null",412,147,"0.0746",42.9,42.9,"8.3692","null"
2540005,"Marlon Brown","WR","BAL",-179.4922,42.8566,"169.6",413,148,"0.2809",61.6763,13.645,"12.783","null"
2540261,"Corey Fuller","WR","DET",-179.5546,42.7942,"null",414,149,"0.8186",52.3984,30.775,"3.9511","null"
2539197,"Michael Williams","TE","DET",-179.7011,24.04,"null",415,81,"0.0919",24.04,24.04,"null","null"
2495258,"Matt Asiata","RB","MIN",-179.7478,13.57,"38.75",416,158,"0.585",13.57,13.57,"null","null"
2505561,"Visanthe Shiancoe","TE","FA",-179.7561,23.985,"2.3",417,82,"0.6968",23.985,23.985,"null","null"
2495288,"Virgil Green","TE","DEN",-179.8298,23.9113,"15.75",418,83,"1.3812",26.9019,18.55,"4.1482","null"
2495843,"Derek Hagan","WR","FA",-179.9916,42.3572,"null",419,150,"0.7952",52.0449,30.205,"4.0249","null"
2540225,"Tommy Bohanon","RB","NYJ",-180.2928,13.025,"27.2",420,159,"0.2825",13.025,13.025,"null","null"
2495227,"DaRel Scott","RB","NYG",-180.3727,12.9451,"39.2",421,160,"0.5226",29.1052,-8.4432,"2.7196","null"
2507166,"Ted Ginn","WR","CAR",-180.7548,41.594,"194.95",422,151,"0.3768",46.4289,32.6831,"5.2748","null"
163090,"Chris Pressley","RB","FA",-180.7778,12.54,"null",423,161,"0.2375",12.54,12.54,"null","null"
80664,"Mohamed Massaquoi","WR","FA",-180.8188,41.53,"null",424,152,"0.8281",41.53,41.53,"null","null"
256,"Lex Hilliard","RB","NYJ",-181.0128,12.305,"null",425,162,"0.035",12.305,12.305,"null","null"
2532864,"Dan Herron","RB","IND",-181.0178,12.3,"15.7",426,163,"0.2775",12.3,12.3,"null","null"
2495437,"Allen Reisner","TE","JAC",-181.0761,22.665,"11",427,84,"0.8149",22.665,22.665,"null","null"
89798,"Antone Smith","RB","ATL",-181.0778,12.24,"55.25",428,164,"0.5325",12.24,12.24,"null","null"
497242,"Clay Harbor","TE","JAC",-181.346,22.3951,"76.8",429,85,"1.3038",24.233,18.2,"5.1094","null"
2540181,"Josh Boyce","WR","NE",-181.4445,40.9043,"37.85",430,153,"0.9296",53.4247,15.5,"3.3563","null"
79589,"David Johnson","RB","PIT",-181.5128,11.805,"14.5",431,165,"0.2",11.805,11.805,"null","null"
2643,"Jalen Parmele","RB","FA",-181.7078,11.61,"null",432,166,"0.425",11.61,11.61,"null","null"
2495340,"Anthony Sherman","RB","KC",-181.7178,11.6,"43.65",433,167,"1.3275",11.6,11.6,"null","null"
2539323,"Ryan Swope","WR","ARI",-181.8493,40.4995,"null",434,154,"1.2145",46.8528,32.53,"3.2553","null"
1037366,"Michael Palmer","TE","PIT",-182.4361,21.305,"2.2",435,86,"0.5287",21.305,21.305,"null","null"
2540020,"Theo Riddick","RB","DET",-182.5478,10.77,"14.65",436,168,"1.0025",10.77,10.77,"null","null"
2495211,"Niles Paul","TE","WAS",-182.8636,20.8775,"11.65",437,87,"0.46",20.9115,20.8,"7.3729","null"
2507187,"Charles Johnson","WR","CAR",-182.8988,39.45,"null",438,155,"0.6448",39.45,39.45,"null","null"
497246,"Michael Hoomanawanui","TE","NE",-183.0661,20.675,"38.4",439,88,"0.89",20.675,20.675,"null","null"
2506916,"Brad Smith","WR","PHI",-183.2288,39.12,"11.35",440,156,"1.0905",39.12,39.12,"null","null"
496812,"Erik Lorig","RB","TB",-183.5428,9.775,"18.05",441,169,"0.295",9.775,9.775,"null","null"
2533347,"Bradie Ewing","RB","ATL",-183.5578,9.76,"6.35",442,170,"0.7222",9.76,9.76,"null","null"
2530540,"Konrad Reuland","TE","NYJ",-183.5811,20.16,"2.05",443,89,"0.8225",20.16,20.16,"null","null"
2539235,"Tavarres King","WR","CAR",-183.8583,38.4905,"null",444,157,"1.1763",43.1943,32.59,"4.583","null"
2508101,"James Develin","RB","NE",-184.1178,9.2,"19.3",445,171,"0.4244",9.2,9.2,"null","null"
2688,"Evan Moore","TE","FA",-184.3311,19.41,"null",446,90,"0.3281",19.41,19.41,"null","null"
2539980,"Kerwynn Williams","RB","SD",-184.4421,8.8757,"null",447,172,"0.3354",12.8839,-0.3,"4.8823","null"
79625,"Bear Pascoe","TE","NYG",-184.4761,19.265,"24",448,91,"1.3556",19.265,19.265,"null","null"
2495472,"Jordan Todman","RB","JAC",-184.6422,8.6755,"69.2",449,173,"0.368",29.2824,-23.31,"8.3487","null"
206,"Andre Caldwell","WR","DEN",-184.7804,37.5684,"71.05",450,158,"0.78",43.5277,32.15,"5.0653","null"
2495724,"Dante Rosario","TE","CHI",-184.8423,18.8988,"2.95",451,92,"2.6888",19.7388,17.595,"6.5616","null"
2507547,"Stefan Logan","RB","FA",-184.9128,8.405,"null",452,174,"0.6875",8.405,8.405,"null","null"
71299,"Tony Fiammetta","RB","CHI",-185.1078,8.21,"12.55",453,175,"1.4101",8.21,8.21,"null","null"
2541944,"Russell Shepard","WR","TB",-185.2888,37.06,"null",454,159,"1.0866",37.06,37.06,"null","null"
2541314,"Justin Brown","WR","FA",-185.8319,36.5169,"null",455,160,"1.3682",41.6484,30.08,"4.2388","null"
2507585,"Will Taufoou","RB","JAC",-186.0928,7.225,"15.55",456,176,"1.0826",7.225,7.225,"null","null"
2508014,"Steve Maneri","TE","FA",-186.8211,16.92,"1",457,93,"1.51",16.92,16.92,"null","null"
497286,"Marcus Easley","WR","BUF",-186.9188,35.43,"8.1",458,161,"1.1724",35.43,35.43,"null","null"
2507278,"Jackie Battle","RB","TEN",-186.943,6.3748,"31",459,177,"0.5098",9.2906,-0.3,"5.6469","null"
2540230,"Kyle Juszczyk","RB","BAL",-187.4078,5.91,"1",460,178,"0.0975",5.91,5.91,"null","null"
2499248,"Kris Durham","WR","DET",-187.4813,34.8675,"120.5",461,162,"1.2917",45.3974,20.86,"2.6181","null"
2508051,"John Conner","RB","NYG",-187.4978,5.82,"10.65",462,179,"0.5675",5.82,5.82,"null","null"
2508096,"Tyler Clutts","RB","DAL",-187.5128,5.805,"-1.4",463,180,"1.3",5.805,5.805,"null","null"
2532835,"Rhett Ellison","TE","MIN",-188.2411,15.5,"20.15",464,94,"0.275",15.5,15.5,"null","null"
2535438,"Hayden Smith","TE","FA",-188.4211,15.32,"null",465,95,"0.2555",15.32,15.32,"null","null"
2495224,"Weslye Saunders","TE","IND",-188.6111,15.13,"10.9",466,96,"0.3405",15.13,15.13,"null","null"
2507933,"Chris Gronkowski","RB","SD",-188.6178,4.7,"null",467,181,"0.4908",4.7,4.7,"null","null"
2540177,"Marquess Wilson","WR","CHI",-188.701,33.6478,"3.95",468,163,"0.7079",37.3131,29.05,"5.4189","null"
2506037,"Ben Hartsock","TE","CAR",-188.7422,14.9989,"null",469,97,"0.6114",17.9071,10.485,"4.4591","null"
2532930,"DeVier Posey","WR","HOU",-188.845,33.5038,"38.25",470,164,"1.6535",43.0727,16.8,"2.5419","null"
2535982,"Nate Eachus","RB","FA",-189.0078,4.31,"null",471,182,"0.4558",4.31,4.31,"null","null"
2535943,"Sean McGrath","TE","KC",-189.1611,14.58,"83.3",472,98,"0.6075",14.58,14.58,"null","null"
2532851,"Cyrus Gray","RB","KC",-189.2093,4.1085,"14.35",473,183,"0.5085",12.0523,-11.3806,"4.5476","null"
2540257,"Justice Cunningham","TE","STL",-189.5461,14.195,"1.6",474,99,"0.5973",14.195,14.195,"null","null"
4235,"Mike Cox","RB","FA",-189.7178,3.6,"null",475,184,"0.0408",3.6,3.6,"null","null"
2531089,"Armond Smith","RB","CAR",-189.7178,3.6,"-1.5",475,184,"0.1808",3.6,3.6,"null","null"
2532984,"Terrance Ganaway","RB","FA",-189.7993,3.5185,"null",477,186,"0.2935",5.0555,0,"6.6118","null"
2495215,"Christian Ponder","QB","MIN",-189.8331,192.8551,"103.35",478,29,"47.2075",242.6679,69.8757,"10.3522","2"
2495331,"Aldrick Robinson","WR","WAS",-189.9728,32.376,"84.75",479,165,"1.0945",46.7176,14.6,"3.745","null"
2540203,"Levine Toilolo","TE","ATL",-189.9911,13.75,"31.25",480,100,"0.3473",13.75,13.75,"null","null"
2504882,"Corey McIntyre","RB","FA",-189.9978,3.32,"null",481,187,"0.5425",3.32,3.32,"null","null"
2507667,"Brit Miller","RB","FA",-190.1878,3.13,"null",482,188,"0.9075",3.13,3.13,"null","null"
2541185,"Ryan Griffin","TE","NO",-190.2958,13.4453,"null",483,101,"0.1004",13.9727,12.5,"6.8394","null"
2506619,"Daniel Fells","TE","NYG",-190.3811,13.36,"null",484,102,"0.8125",13.36,13.36,"null","null"
2530754,"Brett Brackett","TE","ARI",-190.4111,13.33,"null",485,103,"1.57",13.33,13.33,"null","null"
2507610,"Brock Bolen","RB","FA",-190.8928,2.425,"null",486,189,"0.755",2.425,2.425,"null","null"
2506897,"Devin Hester","WR","CHI",-191.0241,31.3247,"96.6",487,166,"0.288",52.0111,9.2331,"7.2187","null"
2534436,"Deonte Thompson","WR","BAL",-191.1104,31.2384,"34.45",488,167,"0.8366",31.7339,30.35,"7.9007","null"
2530516,"Robert Hughes","RB","IND",-191.2978,2.02,"1.9",489,190,"0.76",2.02,2.02,"null","null"
2507539,"Anthony Armstrong","WR","FA",-191.5138,30.835,"null",490,168,"1.0465",30.835,30.835,"null","null"
2507873,"Jamie McCoy","TE","FA",-191.9761,11.765,"null",491,104,"0.1133",11.765,11.765,"null","null"
2539202,"Chris Gragg","TE","BUF",-191.9861,11.755,"18.95",492,105,"0.2558",11.755,11.755,"null","null"
2507629,"Josh Vaughan","RB","ATL",-191.9978,1.32,"-0.2",493,191,"0.72",1.32,1.32,"null","null"
2495125,"Allen Bradford","RB","NYG",-192.1178,1.2,"null",494,192,"1.2",1.2,1.2,"null","null"
2506578,"Billy Bajema","TE","BAL",-192.1928,11.5483,"4.7",495,106,"0.6358",14.2973,8.1,"4.8585","null"
2532991,"Evan Rodriguez","TE","BUF",-192.2911,11.45,"1",496,107,"1.6086",11.45,11.45,"null","null"
248,"Lavelle Hawkins","WR","SD",-192.3802,29.9686,"8.8",497,169,"0.6755",33.7103,25.275,"5.3574","null"
2541388,"Brice Butler","WR","OAK",-192.7404,29.6084,"24.45",498,170,"0.6692",42.6661,6.2,"8.5719","null"
79635,"Javon Ringer","RB","FA",-193.3178,0,"null",624,193,"0",0,0,"null","null"
80630,"Kahlil Bell","RB","GB",-193.3178,0,"null",624,193,"0",0,0,"null","null"
89686,"Curtis Brinkley","RB","FA",-193.3178,0,"null",624,193,"0",0,0,"null","null"
1037847,"Deji Karim","RB","HOU",-193.3178,0,"7.15",624,193,"0",0,0,"null","null"
2506448,"Brandon Jacobs","RB","NYG",-193.3178,0,"52.85",624,193,"0",0,0,"null","null"
2507897,"Alfonso Smith","RB","ARI",-193.3178,0,"25.9",624,193,"0",0,0,"null","null"
2532831,"Jeff Demps","RB","TB",-193.3178,0,"9.6",624,193,"0",0,0,"null","null"
2532929,"Tauren Poole","RB","PIT",-193.3178,0,"null",624,193,"0",0,0,"null","null"
2533540,"Edwin Baker","RB","CLE",-193.3178,0,"47.6",624,193,"0",0,0,"null","null"
2533546,"Jewel Hampton","RB","SF",-193.3178,0,"null",624,193,"0",0,0,"null","null"
2534571,"Bobby Rainey","RB","TB",-193.3178,0,"112.2",624,193,"0",0,0,"null","null"
2534770,"Jonathan Grimes","RB","HOU",-193.3178,0,"26.55",624,193,"0",0,0,"null","null"
2539295,"Ray Graham","RB","HOU",-193.3178,0,"2.2",624,193,"0",0,0,"null","null"
2539668,"D.J. Harper","RB","FA",-193.3178,0,"null",624,193,"0",0,0,"null","null"
2540167,"Jawan Jamison","RB","WAS",-193.3178,0,"null",624,193,"0",0,0,"null","null"
2540174,"Marcus Lattimore","RB","SF",-193.3178,0,"null",624,193,"0",0,0,"null","null"
2540187,"Michael Ford","RB","CHI",-193.3178,0,"null",624,193,"0",0,0,"null","null"
2540269,"C.J. Anderson","RB","DEN",-193.3178,0,"6.15",624,193,"0",0,0,"null","null"
2541534,"Ronnie Wingo","RB","BUF",-193.3178,0,"1.75",624,193,"0",0,0,"null","null"
2541628,"Steven Miller","RB","DET",-193.3178,0,"null",624,193,"0",0,0,"null","null"
2541986,"Michael Hill","RB","TB",-193.3178,0,"5.6",624,193,"0",0,0,"null","null"
2542021,"Jordan Roberts","RB","FA",-193.3178,0,"null",624,193,"null",0,0,"null","null"
2542022,"Khiry Robinson","RB","NO",-193.3178,0,"32.7",624,193,"null",0,0,"null","null"
497222,"Dorin Dickerson","TE","DET",-193.3661,10.375,"7.1",499,108,"1.5961",10.375,10.375,"null","null"
497318,"David Reed","WR","SF",-193.371,28.9778,"30.8",500,171,"0.1023",35.8757,20.325,"2.8169","null"
2507029,"Eric Weems","WR","CHI",-193.4481,28.9006,"5.05",501,172,"0.3455",38.8582,16.41,"4.2421","null"
81306,"Brandon Tate","WR","CIN",-193.4986,28.8502,"64.4",502,173,"0.6927",34.4348,21.845,"3.8741","null"
497344,"Stephen Williams","WR","SEA",-194.0888,28.26,"1",503,174,"1.0802",28.26,28.26,"null","null"
2495338,"Dane Sanzenbacher","WR","CIN",-194.2938,28.055,"15.15",504,175,"1.8039",28.055,28.055,"null","null"
2539299,"D.C. Jefferson","TE","CAR",-194.4333,9.3078,"null",505,109,"1.2178",10.3163,7.5,"6.3138","null"
2530977,"Mike McNeill","TE","STL",-195.4911,8.25,"1.75",506,110,"0.3475",8.25,8.25,"null","null"
2530473,"Kyle Adams","TE","TB",-195.8111,7.93,"null",507,111,"0.3975",7.93,7.93,"null","null"
2539302,"Ryan Otten","TE","SD",-195.8661,7.875,"null",508,112,"0.995",7.875,7.875,"null","null"
2495922,"Ben Obomanu","WR","FA",-196.0442,26.3045,"2.2",509,176,"0.1207",32.5662,18.45,"3.3291","null"
4487,"Matthew Slater","WR","NE",-196.1512,26.1976,"0.5",510,177,"0.2701",32.4338,18.375,"3.3496","null"
2495179,"Jerrel Jernigan","WR","NYG",-196.1788,26.17,"102.65",511,178,"0.9275",26.17,26.17,"null","null"
2508020,"Richie Brockel","TE","CAR",-196.5511,7.19,"2.35",512,113,"1.405",7.19,7.19,"null","null"
2541966,"Jaron Brown","WR","ARI",-196.6638,25.685,"38",513,179,"1.0375",25.685,25.685,"null","null"
497220,"Nate Byham","TE","TB",-197.1711,6.57,"8.7",514,114,"1.5925",6.57,6.57,"null","null"
80682,"Brian Robiskie","WR","FA",-197.5488,24.8,"1",515,180,"0.4161",24.8,24.8,"null","null"
497290,"David Gettis","WR","WAS",-197.8538,24.495,"null",516,181,"0.5429",24.495,24.495,"null","null"
4505,"Chaz Schilens","WR","FA",-198.0759,24.2729,"null",517,182,"0.7897",30.0509,17.025,"3.7183","null"
2541390,"Kevin Dorsey","WR","GB",-198.7175,23.6313,"null",518,183,"0.3113",29.2566,16.575,"3.8413","null"
497244,"Aaron Hernandez","TE","FA",-198.7411,5,"null",519,115,"0.0575",5,5,"null","null"
497226,"Jim Dray","TE","ARI",-198.7861,4.955,"67.25",520,116,"0.87",4.955,4.955,"null","null"
2508137,"Ryan Taylor","TE","GB",-198.8111,4.93,"10.5",521,117,"2.6075",4.93,4.93,"null","null"
2532844,"Jeff Fuller","WR","FA",-199.0138,23.335,"null",522,184,"0.075",23.335,23.335,"null","null"
497270,"Arrelious Benn","WR","PHI",-199.0438,23.305,"null",523,185,"0.1025",23.305,23.305,"null","null"
2507122,"Matt Willis","WR","FA",-199.1338,23.215,"null",524,186,"0.1325",23.215,23.215,"null","null"
2539246,"Chris Harper","WR","GB",-199.1588,23.1899,"null",525,187,"0.3374",30.1694,14.435,"2.7513","null"
2532979,"Devon Wylie","WR","SF",-199.3738,22.975,"4.9",526,188,"0.5125",22.975,22.975,"null","null"
497274,"Dezmon Briscoe","WR","FA",-199.6188,22.73,"null",527,189,"0.665",22.73,22.73,"null","null"
2530515,"Chris Hogan","WR","BUF",-200.1538,22.195,"22.45",528,190,"0.3207",22.195,22.195,"null","null"
2495504,"Patrick Peterson","WR","ARI",-200.4138,21.935,"null",529,191,"0.1617",21.935,21.935,"null","null"
79649,"Kory Sperry","TE","ARI",-200.5011,3.24,"3.4",530,118,"1.8725",3.24,3.24,"null","null"
2495800,"Devin Aromashodu","WR","FA",-200.5353,21.8135,"null",531,192,"0.1167",27.0061,15.3,"4.1896","null"
2532799,"Jarrett Boykin","WR","GB",-200.6158,21.733,"169.15",532,193,"0.0802",24.7916,16.25,"5.4776","null"
2530575,"Drew Davis","WR","ATL",-200.6882,21.6606,"56.4",533,194,"0.3063",25.6827,14.45,"4.5666","null"
2532923,"Chris Owusu","WR","TB",-200.7038,21.645,"30.1",534,195,"0.9433",21.645,21.645,"null","null"
2539221,"Aaron Mellette","WR","BAL",-201.2853,21.0635,"null",535,196,"0.8956",30.4938,9.75,"3.4282","null"
2495223,"Greg Salas","WR","NYJ",-202.0088,20.34,"29.45",536,197,"0.6946",20.34,20.34,"null","null"
2530682,"Tommy Gallarda","TE","FA",-202.3361,1.405,"null",537,119,"0.1425",1.405,1.405,"null","null"
71233,"Deon Butler","WR","FA",-202.3531,19.9957,"null",538,198,"1.8357",24.7556,14.025,"4.5379","null"
89688,"Kevin Brock","TE","CIN",-202.4111,1.33,"8.4",539,120,"0.2325",1.33,1.33,"null","null"
1037836,"Fendi Onobun","TE","CHI",-202.5461,1.195,"null",540,121,"0.695",1.195,1.195,"null","null"
2534232,"Brad Smelley","TE","HOU",-202.7411,1,"null",541,122,"1",1,1,"null","null"
497218,"Trindon Holliday","WR","DEN",-203.0538,19.295,"76.3",542,199,"2.5375",19.295,19.295,"null","null"
71437,"Zach Potter","TE","FA",-203.7411,0,"null",624,123,"0",0,0,"null","null"
238500,"Jake OConnell","TE","FA",-203.7411,0,"null",624,123,"0",0,0,"null","null"
497254,"Dennis Pitta","TE","BAL",-203.7411,0,"51.35",624,123,"0",0,0,"null","null"
2495931,"Leonard Pope","TE","FA",-203.7411,0,"null",624,123,"0",0,0,"null","null"
2530544,"Alex Silvestro","TE","FA",-203.7411,0,"null",624,123,"0",0,0,"null","null"
2530545,"Andre Smith","TE","CLE",-203.7411,0,"null",624,123,"0",0,0,"null","null"
2530718,"Kyle Miller","TE","FA",-203.7411,0,"null",624,123,"0",0,0,"null","null"
2533353,"Cory Harkey","TE","STL",-203.7411,0,"41.95",624,123,"0",0,0,"null","null"
2534241,"Derek Carrier","TE","SF",-203.7411,0,"null",624,123,"0",0,0,"null","null"
2535503,"Brandon Barden","TE","JAC",-203.7411,0,"null",624,123,"0",0,0,"null","null"
2535604,"Danny Noble","TE","JAC",-203.7411,0,"17.45",624,123,"0",0,0,"null","null"
2535724,"Dominique Jones","TE","IND",-203.7411,0,"7.1",624,123,"0",0,0,"null","null"
2536342,"Brandon Bostick","TE","GB",-203.7411,0,"31",624,123,"0",0,0,"null","null"
2539204,"Philip Lutzenkirchen","TE","FA",-203.7411,0,"null",624,123,"0",0,0,"null","null"
2539283,"Jake Stoneburner","TE","GB",-203.7411,0,"null",624,123,"0",0,0,"null","null"
2539327,"Joseph Fauria","TE","DET",-203.7411,0,"91.05",624,123,"0",0,0,"null","null"
2539983,"Matt Furstenburg","TE","FA",-203.7411,0,"null",624,123,"0",0,0,"null","null"
2540259,"MarQueis Gray","TE","CLE",-203.7411,0,"11.6",624,123,"null",0,0,"null","null"
2541187,"Demetrius Harris","TE","FA",-203.7411,0,"null",624,123,"null",0,0,"null","null"
2507812,"Chad Hall","WR","FA",-205.3238,17.025,"5.45",543,200,"0.66",17.025,17.025,"null","null"
2535876,"Griff Whalen","WR","IND",-205.8588,16.49,"81.15",544,201,"0.6694",16.49,16.49,"null","null"
2531203,"Kevin Cone","WR","ATL",-206.1088,16.24,"2.8",545,202,"1.2169",16.24,16.24,"null","null"
497110,"Armanti Edwards","WR","CAR",-206.9476,15.4012,"3.9",546,203,"1.0487",19.474,8.1,"4.5188","null"
497312,"Preston Parker","WR","NYG",-207.7038,14.645,"null",547,204,"0.615",14.645,14.645,"null","null"
2530957,"David Gilreath","WR","FA",-208.2888,14.06,"null",548,205,"0.07",14.06,14.06,"null","null"
2535681,"Nathan Palmer","WR","FA",-208.3488,14,"null",549,206,"0.1875",14,14,"null","null"
71417,"Jordan Norwood","WR","DEN",-208.3688,13.98,"null",550,207,"1.105",13.98,13.98,"null","null"
2532909,"Marvin McNutt","WR","CAR",-208.7038,13.645,"1",551,208,"1.7227",13.645,13.645,"null","null"
2535716,"Saalim Hakim","WR","NYJ",-210.2438,12.105,"1",552,209,"0.4352",12.105,12.105,"null","null"
2495266,"Stephen Burton","WR","JAC",-210.6092,11.7396,"24.35",553,210,"0.1396",13.0167,9.45,"7.1617","null"
2505771,"Terrance Copper","WR","FA",-210.7488,11.6,"null",554,211,"0.0625",11.6,11.6,"null","null"
2535710,"Kevin Elliott","WR","BUF",-210.7488,11.6,"null",554,211,"0.53",11.6,11.6,"null","null"
2495446,"Armon Binns","WR","MIA",-210.8738,11.475,"null",556,213,"0.9225",11.475,11.475,"null","null"
2532817,"Josh Cooper","WR","CLE",-211.6838,10.665,"18",557,214,"0.42",10.665,10.665,"null","null"
2530738,"Kerry Taylor","WR","ARI",-211.9088,10.44,"65.35",558,215,"0.76",10.44,10.44,"null","null"
2532812,"Toney Clemons","WR","CAR",-212.2988,10.05,"null",559,216,"0.8675",10.05,10.05,"null","null"
2530798,"Michael Preston","WR","TEN",-213.0388,9.31,"22.55",560,217,"0.26",9.31,9.31,"null","null"
2495245,"Ryan Whalen","WR","CIN",-213.2938,9.055,"null",561,218,"0.215",9.055,9.055,"null","null"
2495326,"Kealoha Pilares","WR","CAR",-213.3038,9.045,"null",562,219,"0.925",9.045,9.045,"null","null"
2532809,"LaRon Byrd","WR","ARI",-213.7138,8.635,"null",563,220,"1.0825",8.635,8.635,"null","null"
2495306,"Ricardo Lockette","WR","SEA",-214.7438,7.605,"17.3",564,221,"0.1075",7.605,7.605,"null","null"
2530613,"LaQuan Williams","WR","FA",-214.8488,7.5,"null",565,222,"0.35",7.5,7.5,"null","null"
2540260,"Alan Bonner","WR","HOU",-214.8538,7.495,"null",566,223,"1.0575",7.495,7.495,"null","null"
2539203,"Cobi Hamilton","WR","CIN",-215.5438,6.805,"null",567,224,"0.74",6.805,6.805,"null","null"
2532813,"Danny Coale","WR","FA",-216.2788,6.07,"null",568,225,"0.565",6.07,6.07,"null","null"
2541737,"Tobais Palmer","WR","SD",-216.2888,6.06,"null",569,226,"1.28",6.06,6.06,"null","null"
2532782,"Joe Adams","WR","FA",-217.3988,4.95,"null",570,227,"0.545",4.95,4.95,"null","null"
497292,"Mardy Gilyard","WR","FA",-217.7388,4.61,"null",571,228,"0.4775",4.61,4.61,"null","null"
2495458,"Jamar ome","WR","FA",-218.1488,4.2,"null",572,229,"0.8475",4.2,4.2,"null","null"
2505310,"Kassim Osgood","WR","SF",-218.2838,4.065,"3.55",573,230,"2.745",4.065,4.065,"null","null"
2530472,"Kris Adams","WR","NYG",-219.7088,2.64,"null",574,231,"2.64",2.64,2.64,"null","null"
71281,"Jarett Dillard","WR","FA",-222.3488,0,"null",624,232,"0",0,0,"null","null"
80429,"Jeremy Maclin","WR","PHI",-222.3488,0,"null",624,232,"0",0,0,"null","null"
497260,"Seyi Ajirotutu","WR","SD",-222.3488,0,"18.6",624,232,"0",0,0,"null","null"
497262,"Danario Alexander","WR","SD",-222.3488,0,"null",624,232,"0",0,0,"null","null"
1037347,"Joe Webb","WR","MIN",-222.3488,0,"1",624,232,"0",0,0,"null","null"
1037885,"Marc Mariani","WR","TEN",-222.3488,0,"null",624,232,"0",0,0,"null","null"
2495242,"Terrence Toliver","WR","CHI",-222.3488,0,"null",624,232,"0",0,0,"null","null"
2495451,"Tori Gurley","WR","CLE",-222.3488,0,"3.25",624,232,"0",0,0,"null","null"
2495453,"Andre Holmes","WR","OAK",-222.3488,0,"95.65",624,232,"0",0,0,"null","null"
2505017,"Donte Stallworth","WR","FA",-222.3488,0,"null",624,232,"0",0,0,"null","null"
2506746,"Micheal Spurlock","WR","DET",-222.3488,0,"29.8",624,232,"0",0,0,"null","null"
2507672,"Greg Orton","WR","NE",-222.3488,0,"null",624,232,"0",0,0,"null","null"
2507686,"Charly Martin","WR","FA",-222.3488,0,"null",624,232,"0",0,0,"null","null"
2508022,"Richard Goodman","WR","FA",-222.3488,0,"null",624,232,"0",0,0,"null","null"
2508031,"Andy Tanner","WR","NO",-222.3488,0,"null",624,232,"0",0,0,"null","null"
2528181,"Bryan Walters","WR","SEA",-222.3488,0,"null",624,232,"0",0,0,"null","null"
2530576,"Dan DePalma","WR","SD",-222.3488,0,"null",624,232,"0",0,0,"null","null"
2530660,"Kamar Aiken","WR","FA",-222.3488,0,"null",624,232,"0",0,0,"null","null"
2530713,"Jeff Maehl","WR","PHI",-222.3488,0,"20.05",624,232,"0",0,0,"null","null"
2530984,"Raymond Radway","WR","FA",-222.3488,0,"null",624,232,"0",0,0,"null","null"
2532862,"Junior Hemingway","WR","KC",-222.3488,0,"40.75",624,232,"0",0,0,"null","null"
2532893,"Lance Lewis","WR","WAS",-222.3488,0,"null",624,232,"0",0,0,"null","null"
2533334,"Greg Childs","WR","MIN",-222.3488,0,"null",624,232,"0",0,0,"null","null"
2533544,"Eric Page","WR","TB",-222.3488,0,"54.15",624,232,"0",0,0,"null","null"
2534237,"Jeremy Ebert","WR","JAC",-222.3488,0,"5.7",624,232,"0",0,0,"null","null"
2535964,"Josh Bellamy","WR","WAS",-222.3488,0,"null",624,232,"0",0,0,"null","null"
2535980,"David Douglas","WR","FA",-222.3488,0,"null",624,232,"0",0,0,"null","null"
2536062,"Mike Willie","WR","SD",-222.3488,0,"null",624,232,"0",0,0,"null","null"
2539333,"Marcus Davis","WR","FA",-222.3488,0,"null",624,232,"0",0,0,"null","null"
2539674,"Rodney Smith","WR","MIN",-222.3488,0,"null",624,232,"0",0,0,"null","null"
2539949,"Conner Vernon","WR","CLE",-222.3488,0,"null",624,232,"0",0,0,"null","null"
2539952,"Chad Bumphis","WR","JAC",-222.3488,0,"null",624,232,"0",0,0,"null","null"
2539962,"Emory Blake","WR","STL",-222.3488,0,"null",624,232,"0",0,0,"null","null"
2539965,"Roy Roundtree","WR","FA",-222.3488,0,"null",624,232,"0",0,0,"null","null"
2540191,"Brandon Kaufman","WR","FA",-222.3488,0,"null",624,232,"0",0,0,"null","null"
2540262,"Mark Harrison","WR","NE",-222.3488,0,"null",624,232,"0",0,0,"null","null"
2540264,"T.J. Moe","WR","NE",-222.3488,0,"null",624,232,"0",0,0,"null","null"
2540268,"Ryan Spadola","WR","FA",-222.3488,0,"1",624,232,"0",0,0,"null","null"
2540279,"Nick Williams","WR","WAS",-222.3488,0,"14.65",624,232,"0",0,0,"null","null"
2540318,"Zach Rogers","WR","FA",-222.3488,0,"null",624,232,"0",0,0,"null","null"
2540326,"Jeremy Kelley","WR","FA",-222.3488,0,"null",624,232,"0",0,0,"null","null"
2541136,"Sam McGuffie","WR","NE",-222.3488,0,"null",624,232,"0",0,0,"null","null"
2541219,"Robert Gill","WR","FA",-222.3488,0,"null",624,232,"0",0,0,"null","null"
2541576,"Perez Ashford","WR","FA",-222.3488,0,"null",624,232,"0",0,0,"null","null"
2541600,"Lamaar Thomas","WR","JAC",-222.3488,0,"6.65",624,232,"0",0,0,"null","null"
2541881,"Rico Richardson","WR","HOU",-222.3488,0,"null",624,232,"0",0,0,"null","null"
2541883,"Eric Rogers","WR","FA",-222.3488,0,"null",624,232,"0",0,0,"null","null"
2541991,"Greg Jenkins","WR","OAK",-222.3488,0,"13.5",624,232,"0.15",0,0,"null","null"
2542064,"Andrew Helmick","WR","FA",-222.3488,0,"null",624,232,"null",0,0,"null","null"
2530598,"Jeremy Ross","WR","GB",-222.6488,-0.3,"84.9",625,233,"null",-0.3,-0.3,"null","null"
367,"Matt Flynn","QB","GB",-228.6254,154.0628,"64.7",575,30,"25.5683",201.7656,60.2724,"8.023","8"
2495441,"Blaine Gabbert","QB","JAC",-245.4558,137.2324,"-17.05",576,31,"34.8216",189.1743,70.0372,"8.303","6"
2539335,"Geno Smith","QB","NYJ",-262.9316,119.7567,"170.4",577,32,"36.7834",143.6758,56.8579,"4.2634","16"
252,"Chad Henne","QB","JAC",-297.6233,85.065,"149.45",578,33,"9.5705",113.2912,45.9094,"4.0118","17"
2507169,"Kevin Kolb","QB","BUF",-301.8068,80.8815,"null",579,34,"13.2467",136.0389,15.14,"9.6831","4"
2531332,"Terrelle Pryor","QB","OAK",-312.5808,70.1075,"169.35",580,35,"6.1681",137.8252,-19.1113,"10.6442","1"
79858,"Mark Sanchez","QB","NYJ",-317.5261,65.1621,"null",581,36,"8.4417",99.7028,31.4505,"6.1663","10"
2532842,"Nick Foles","QB","PHI",-319.9716,62.7166,"338.15",582,37,"17.6736",74.6459,43.4215,"3.6324","null"
2506581,"Ryan Fitzpatrick","QB","TEN",-331.9641,50.7242,"193.9",583,38,"14.7276",68.2891,27.615,"2.5203","null"
2506562,"Matt Cassel","QB","MIN",-343.3263,39.362,"114.55",584,39,"10.5897",94.9941,-53.4197,"8.9977","5"
2532820,"Kirk Cousins","QB","WAS",-350.057,32.6312,"12.1",585,40,"10.9515",51.904,-23.9844,"3.2747","null"
2507282,"Matt Moore","QB","MIA",-357.7749,24.9134,"-5.7",586,41,"8.1676",34.2573,10.41,"2.6821","null"
2495838,"Bruce Gradkowski","QB","PIT",-364.2422,18.446,"null",587,42,"4.3494",24.0312,12.87,"5.0149","null"
2506364,"Jason Campbell","QB","CLE",-367.6427,15.0455,"121.35",588,43,"1.9295",26.9403,-19.7747,"3.0819","null"
2539308,"Matt Barkley","QB","PHI",-369.5404,13.1478,"-8.35",589,44,"0.0805",29.122,-21.3999,"2.4837","null"
2541196,"Jeff Tuel","QB","BUF",-369.6039,13.0843,"1.78E-15",590,45,"0.3716",25.8627,-6.75,"3.0517","null"
2532829,"Dominique Davis","QB","ATL",-369.6379,13.0503,"1.9",591,46,"1.116",15.0284,9.98,"5.2832","null"
2495240,"Tyrod Taylor","QB","BAL",-370.3133,12.375,"6.4",592,47,"1.6581",18.1081,5.7525,"4.7034","null"
2495748,"Drew Stanton","QB","ARI",-371.1946,11.4937,"null",593,48,"1.9548",13.5219,8.765,"5.5229","null"
497123,"Colt McCoy","QB","SF",-372.7482,9.94,"-5",594,49,"1.2159",9.94,9.94,"null","null"
2504833,"Shaun Hill","QB","DET",-373.5506,9.1377,"-2.1",595,50,"0.9728",14.6687,2.215,"4.7205","null"
81294,"Brian Hoyer","QB","CLE",-374.3778,8.3105,"39.55",596,51,"0.3696",10.3407,4.19,"5.1566","null"
2505076,"Josh McCown","QB","CHI",-374.669,8.0192,"190.6",597,52,"0.2005",10.1922,4.28,"5.4731","null"
81284,"Chase Daniel","QB","KC",-374.8257,7.8625,"19.15",598,53,"0.1171",15.7044,-8.9261,"4.2537","null"
71321,"Graham Harrell","QB","FA",-374.9132,7.775,"null",599,54,"0.9133",7.775,7.775,"null","null"
2539201,"Tyler Wilson","QB","TEN",-374.9724,7.7159,"null",600,55,"2.0877",8.8126,5.49,"5.536","null"
264,"Josh Johnson","QB","CIN",-376.6807,6.0075,"0.75",601,56,"0.8696",7.172,4.2,"5.5705","null"
2533436,"Brock Osweiler","QB","DEN",-377.4393,5.2489,"2.1",602,57,"0.2526",6.9246,2.25,"5.5711","null"
2495974,"Charlie Whitehurst","QB","SD",-377.6613,5.0269,"-6",603,58,"0.1717",5.7778,3.6,"5.7877","null"
497135,"Tim Tebow","QB","FA",-377.7225,4.9657,"null",604,59,"0.3552",5.0637,4.83,"5.9489","null"
748,"Dennis Dixon","QB","FA",-377.9435,4.7447,"null",605,60,"0.6503",9.4001,-5.1285,"4.7533","null"
2505562,"Seneca Wallace","QB","GB",-378.2119,4.4764,"-0.1",606,61,"0.9699",5.6625,2.35,"5.5316","null"
2506444,"Kyle Orton","QB","DAL",-378.9758,3.7124,"29.95",607,62,"0.5482",5.9383,0.9857,"5.462","null"
2501078,"Matt Hasselbeck","QB","IND",-379.3878,3.3005,"3.15",608,63,"0.3156",3.8098,2.51,"5.8019","null"
2495443,"Ryan Mallett","QB","NE",-379.6604,3.0279,"null",609,64,"0.3593",3.283,2.72,"5.9207","null"
81300,"Curtis Painter","QB","NYG",-379.7464,2.9419,"-12.15",610,65,"0.6692",3.4064,2.26,"5.8739","null"
2506053,"Luke McCown","QB","NO",-380.2929,2.3953,"-4.2",611,66,"0.2816",2.9077,1.6,"5.8008","null"
2506875,"Vince Young","QB","FA",-380.5382,2.15,"null",612,67,"0.0738",2.15,2.15,"null","null"
2506481,"Dan Orlovsky","QB","TB",-380.6109,2.0773,"null",613,68,"0.0048",3.9244,-0.095,"5.5559","null"
2495714,"Brady Quinn","QB","STL",-380.6132,2.075,"null",614,69,"0.4475",2.075,2.075,"null","null"
2533349,"Austin Davis","QB","STL",-380.6182,2.07,"null",615,70,"0.95",2.07,2.07,"null","null"
2539961,"Ryan Nassib","QB","NYG",-381.5032,1.185,"null",616,71,"0.235",1.185,1.185,"null","null"
2495863,"Tarvaris Jackson","QB","FA",-381.6332,1.055,"21.15",617,72,"0.3154",1.055,1.055,"null","null"
2539275,"Mike Glennon","QB","TB",-381.8432,0.845,"131.9",618,73,"0.2676",0.845,0.845,"null","null"
2506546,"Derek Anderson","QB","CAR",-382.054,0.6343,"-3.75",619,74,"0.2675",1.5346,-1.3058,"5.7462","null"
2506895,"Kellen Clemens","QB","STL",-382.1678,0.5205,"73.25",620,75,"0.3921",2.6717,-2.196,"5.4777","null"
2504804,"David Carr","QB","FA",-382.4751,0.2132,"null",621,76,"0.1914",0.6538,-0.6071,"5.8728","null"
2508123,"T.J. Yates","QB","HOU",-382.6446,0.0436,"-4.7",622,77,"0.0436",0.3277,-0.35,"5.8864","null"
71511,"Pat White","QB","FA",-382.6882,0,"null",624,78,"0",0,0,"null","null"
81296,"Stephen McGee","QB","FA",-382.6882,0,"null",624,78,"0",0,0,"null","null"
497108,"Jimmy Clausen","QB","FA",-382.6882,0,"null",624,78,"0",0,0,"null","null"
497117,"Mike Kafka","QB","FA",-382.6882,0,"null",624,78,"0",0,0,"null","null"
497121,"Thad Lewis","QB","BUF",-382.6882,0,"45.8",624,78,"0",0,0,"null","null"
497129,"John Skelton","QB","FA",-382.6882,0,"null",624,78,"0",0,0,"null","null"
1037844,"Rusty Smith","QB","TEN",-382.6882,0,"null",624,78,"0",0,0,"null","null"
2495233,"Ricky Stanzi","QB","JAC",-382.6882,0,"null",624,78,"0",0,0,"null","null"
2495312,"Greg McElroy","QB","CIN",-382.6882,0,"null",624,78,"0",0,0,"null","null"
2495425,"Scott Tolzien","QB","GB",-382.6882,0,"46.2",624,78,"0",0,0,"null","null"
2499567,"Charlie Batch","QB","PIT",-382.6882,0,"null",624,78,"0",0,0,"null","null"
2505623,"Rex Grossman","QB","WAS",-382.6882,0,"null",624,78,"0",0,0,"null","null"
2507189,"Trent Edwards","QB","OAK",-382.6882,0,"null",624,78,"0",0,0,"null","null"
2507237,"Jordan Palmer","QB","CHI",-382.6882,0,"null",624,78,"0",0,0,"null","null"
2507299,"Richard Bartel","QB","FA",-382.6882,0,"null",624,78,"0",0,0,"null","null"
2507385,"Caleb Hanie","QB","FA",-382.6882,0,"null",624,78,"0",0,0,"null","null"
2530750,"McLeod Bethel-Thompson","QB","SF",-382.6882,0,"null",624,78,"0",0,0,"null","null"
2530762,"Pat Devlin","QB","MIA",-382.6882,0,"null",624,78,"0",0,0,"null","null"
2532815,"B.J. Coleman","QB","FA",-382.6882,0,"null",624,78,"0",0,0,"null","null"
2532888,"Case Keenum","QB","HOU",-382.6882,0,"102.1",624,78,"0",0,0,"null","null"
2532894,"Ryan Lindley","QB","ARI",-382.6882,0,"null",624,78,"0",0,0,"null","null"
2532917,"Kellen Moore","QB","DET",-382.6882,0,"null",624,78,"0",0,0,"null","null"
2534870,"Alex Tanney","QB","CLE",-382.6882,0,"null",624,78,"0",0,0,"null","null"
2539258,"Zac Dysert","QB","DEN",-382.6882,0,"null",624,78,"0",0,0,"null","null"
2539287,"Landry Jones","QB","PIT",-382.6882,0,"null",624,78,"0",0,0,"null","null"
2539312,"Brad Sorensen","QB","SD",-382.6882,0,"null",624,78,"0",0,0,"null","null"
2539647,"Matt Scott","QB","JAC",-382.6882,0,"null",624,78,"0",0,0,"null","null"
2540173,"Tyler Bray","QB","KC",-382.6882,0,"null",624,78,"0",0,0,"null","null"
2540244,"Colby Cameron","QB","FA",-382.6882,0,"null",624,78,"0",0,0,"null","null"
2540263,"Sean Renfree","QB","ATL",-382.6882,0,"null",624,78,"0",0,0,"null","null"
2541429,"B.J. Daniels","QB","FA",-382.6882,0,"null",624,78,"0",0,0,"null","null"
2541500,"Seth Doege","QB","FA",-382.6882,0,"null",624,78,"0",0,0,"null","null"
2541551,"Ryan Katz","QB","FA",-382.6882,0,"null",624,78,"null",0,0,"null","null"
2542065,"Matt McGloin","QB","OAK",-382.6882,0,"83.8",624,78,"null",0,0,"null","null"
